Muse,JFSowned,2012-01-01 23:11:00
Muse,estephanyrz,2012-01-06 22:45:00
Muse,idelta777,2012-01-22 19:26:00
Muse,La_ladybird,2012-03-01 16:24:00
Muse,armand01990,2012-03-12 02:23:00
Muse,BooroBooro,2012-03-14 09:42:00
Muse,Maxridex,2012-03-17 10:09:00
Muse,stuartbarr,2012-04-01 16:01:00
Muse,yukinoame_,2012-04-03 01:04:00
Muse,rockstarN,2012-04-08 10:55:00
Muse,mizzalien,2012-04-11 14:18:00
Muse,Ca_oS,2012-04-17 16:07:00
Muse,natalliah,2012-04-21 13:47:00
Muse,mnemocode,2012-04-22 15:04:00
Muse,Truchy,2012-05-06 12:54:00
Muse,divoodoo,2012-05-06 17:03:00
Muse,Lordy92,2012-05-22 20:02:00
Muse,Andylat,2012-06-08 00:59:00
Muse,Arthurm_B,2012-06-11 20:25:00
Muse,Connifant,2012-06-23 20:48:00
Muse,MrMightyPlow,2012-06-27 00:08:00
Muse,ToonFisch,2012-07-08 16:07:00
Muse,malex27,2012-07-12 14:37:00
Muse,michelledh4,2012-07-21 18:27:00
Muse,radiohead_girl1,2012-07-29 01:45:00
Muse,Morail,2012-07-31 12:05:00
Muse,SoleNero21,2012-07-31 20:19:00
Muse,AAgabriele,2012-08-16 13:33:00
Muse,vicenhaunter,2012-09-06 23:44:00
Muse,DanielFormiga,2012-09-11 15:41:00
Muse,duycduycduyc,2012-09-18 12:32:00
Muse,gaiaqua,2012-09-19 07:51:00
Muse,ildivogiulio,2012-10-01 20:06:00
Muse,FuckingRetard,2012-10-19 12:07:00
Muse,SofaKingGood,2012-10-20 20:13:00
Muse,venzzzy,2012-11-02 07:53:00
Muse,amaury_amr,2012-12-04 14:13:00
Muse,Dissembler,2012-12-16 04:54:00
Muse,lalo1390,2012-12-20 07:26:00
Muse,tatianamr97,2012-12-22 07:38:00
Muse,yogap,2013-01-02 16:44:00
Muse,gvertlieb,2013-01-06 19:17:00
Muse,MedleyGuitar,2013-01-09 14:09:00
Muse,micksay,2013-01-14 17:10:00
Muse,LedZeppIV,2013-01-17 01:55:00
Muse,prenci,2013-01-27 19:48:00
Muse,flaviopal,2013-01-28 03:29:00
Muse,JuliaKerbes,2013-01-30 08:07:00
Muse,SonyLins,2013-02-01 12:11:00
Muse,michele_bon,2013-02-13 22:02:00
Muse,CoronaF,2013-02-20 12:43:00
Muse,Vagres,2013-03-03 12:16:00
Muse,Cattola,2013-03-04 19:20:00
Muse,fanyled,2013-03-23 21:26:00
Muse,Steffen_Metal,2013-03-29 22:14:00
Muse,Maikeru86,2013-04-14 05:17:00
Muse,HisashiManami,2013-04-21 20:37:00
Muse,Alfredinik,2013-04-24 19:08:00
Muse,elfozoejane,2013-05-01 13:22:00
Muse,Gon1251,2013-05-10 01:28:00
Muse,agnesbeauchamp,2013-05-15 01:44:00
Muse,wilbelison,2013-05-18 21:10:00
Muse,heavymetalharsh,2013-05-23 11:07:00
Muse,Alejandrina____,2013-05-30 13:31:00
Muse,egirl9,2013-06-17 00:14:00
Muse,incubina,2013-06-22 21:40:00
Muse,williamsdwight3,2013-06-24 21:30:00
Muse,Franfiorini,2013-07-14 18:50:00
Muse,Parisienne_,2013-07-23 06:07:00
Muse,Munjai,2013-08-04 07:29:00
Muse,MajKo8,2013-08-09 17:40:00
Muse,MorganPlusMusic,2013-08-13 03:17:00
Muse,Huetensil,2013-08-16 15:05:00
Muse,Sinek,2013-08-22 17:16:00
Muse,lRminRl,2013-08-24 13:44:00
Muse,MoonElven,2013-08-26 13:48:00
Muse,barbaralogullo,2013-08-26 23:56:00
Muse,Janabarros,2013-08-28 19:57:00
Muse,dodoux,2013-08-29 12:26:00
Muse,Kata_na,2013-08-31 07:47:00
Muse,feravanesha,2013-09-06 05:09:00
Muse,liahc,2013-09-14 16:25:00
Muse,stevenkrohn215,2013-09-23 17:03:00
Muse,SandrineAndro,2013-09-24 19:26:00
Muse,Rodionkaramazov,2013-09-28 21:26:00
Muse,silenzioso,2013-10-05 15:35:00
Muse,notrika,2013-10-05 18:09:00
Muse,thorn_in_bubble,2013-10-07 16:14:00
M,CARLOSMACINTOSH,2013-10-10 13:57:00
Muse,jase051977,2013-10-11 12:01:00
Muse,MarianoCuajao,2013-10-17 00:06:00
Muse,Kris982,2013-10-20 23:00:00
Muse,eqsmetal,2013-10-30 10:42:00
Muse,anabidu,2013-10-30 16:00:00
Muse,popscenehorror,2013-11-01 03:35:00
Muse,Devlinhugh,2013-11-03 15:47:00
Muse,jeffncosta,2013-11-04 17:23:00
Muse,EmilyTimaury,2013-11-08 11:44:00
Muse,makushka1,2013-11-08 22:13:00
Muse,diegosabotage,2013-11-09 01:50:00
Muse,MurilohOliveira,2013-11-09 02:08:00
Muse,arantir777,2013-11-11 19:56:00
Muse,SpiralStatic18,2013-11-12 12:04:00
Muse,ghada_bell,2013-11-12 17:03:00
Muse,CheapRegrets,2013-11-16 18:21:00
Muse,Gabytuca,2013-11-17 11:18:00
Muse,Wojtixxx,2013-11-20 20:06:00
Muse,antycake,2013-11-22 10:34:00
Muse,mikamando,2013-11-25 23:06:00
Muse,vinfern,2013-11-26 00:17:00
Muse,anija,2013-11-27 15:00:00
Muse,accezz,2013-11-28 10:19:00
Muse,Abjuro,2013-11-28 15:22:00
Muse,Gabrilefty,2013-11-28 17:17:00
Muse,je_di,2013-11-28 18:57:00
Muse,IpeDeschain,2013-11-29 17:25:00
Muse,Xiaron,2013-11-30 21:54:00
Muse,picilavox,2013-11-30 22:44:00
Muse,stevegriffdtcom,2013-12-01 00:07:00
Muse,Retronautti,2013-12-01 22:46:00
Muse,divianb,2013-12-02 01:53:00
Muse,Michael_Dias,2013-12-02 23:18:00
Muse,Andriia,2013-12-03 01:23:00
Muse,karipriester,2013-12-03 15:54:00
Muse,pedrocustodio,2013-12-04 08:20:00
Muse,nathmuse,2013-12-05 19:47:00
Muse,flyguyit,2013-12-06 10:46:00
Muse,Stevevw100,2013-12-06 13:28:00
Muse,MusicsSoulChild,2013-12-07 21:38:00
Muse,adelinecarlaa,2013-12-08 13:20:00
Muse,CaroYan,2013-12-08 16:30:00
Muse,Mozartowa,2013-12-08 17:13:00
Muse,tyorachmansyah,2013-12-10 09:49:00
Muse,drmxmyt,2013-12-10 16:25:00
Muse,efamssa,2013-12-10 19:16:00
Muse,BabeCaffeine,2013-12-11 11:13:00
Muse,MojtabaHiRock,2013-12-11 13:00:00
Muse,zicci,2013-12-11 19:10:00
Muse,miissweet,2013-12-11 21:48:00
Muse,nouhailler,2013-12-12 08:23:00
Muse,BradipoSid,2013-12-12 20:09:00
Muse,n-winchester,2013-12-12 22:37:00
Muse,sib3rian,2013-12-13 05:34:00
Muse,gabitches,2013-12-13 17:42:00
Muse,pepex_,2013-12-13 17:51:00
Muse,clarock,2013-12-13 19:19:00
Muse,AmyMirka,2013-12-13 21:12:00
Muse,aquivaldo,2013-12-13 21:49:00
Muse,Darkstrings2,2013-12-14 18:31:00
Muse,DarkPassion_,2013-12-16 12:40:00
Muse,BuTou90,2013-12-16 13:56:00
Muse,tkm-i,2013-12-16 16:19:00
Muse,augustosperfeld,2013-12-16 19:05:00
Muse,liviaa_rose,2013-12-16 21:11:00
Muse,coyoteentijuana,2013-12-17 04:03:00
Muse,toxrn,2013-12-17 11:28:00
Muse,navypink,2013-12-17 13:22:00
Muse,x-sou,2013-12-17 15:15:00
Muse,DonQuase,2013-12-17 15:54:00
Muse,Indyjones45,2013-12-18 07:03:00
Muse,camilatangerine,2013-12-18 07:21:00
Muse,lobotomiatbm,2013-12-18 17:59:00
Muse,sorrowtherapy,2013-12-18 19:26:00
Muse,Evaneses,2013-12-18 20:13:00
Muse,six_sacher,2013-12-18 21:24:00
Muse,guilherme10005,2013-12-18 21:52:00
Muse,Ventura_ink,2013-12-19 07:26:00
Muse,Hamok_Overdose,2013-12-19 07:35:00
Muse,SpikedFox,2013-12-19 12:10:00
Muse,judythia,2013-12-19 13:34:00
Muse,darwinribeiro,2013-12-19 14:59:00
Muse,Blessedheart,2013-12-19 16:31:00
Muse,RedHarryW,2013-12-19 17:47:00
Muse,AdGussman,2013-12-19 23:35:00
Muse,maah_j,2013-12-20 01:28:00
Muse,LoveMusic666,2013-12-20 04:53:00
Muse,DannyCamelo,2013-12-20 07:30:00
Muse,MelanieGeff,2013-12-20 10:34:00
Muse,niko1020,2013-12-20 11:20:00
Muse,fabiomarasco,2013-12-20 12:31:00
Muse,22poo22,2013-12-20 14:00:00
Muse,d_escudero,2013-12-20 14:57:00
Muse,DearMaff,2013-12-20 16:31:00
Muse,elottito,2013-12-21 01:00:00
Muse,valeriayanez,2013-12-21 03:08:00
Muse,virytum,2013-12-21 11:28:00
Muse,GinnyMoon,2013-12-21 14:32:00
Muse,Mithrandir_21,2013-12-22 13:08:00
Muse,HertonPS,2013-12-22 14:24:00
Muse,ahmedowsky,2013-12-22 18:39:00
Muse,estefanina,2013-12-22 19:29:00
Muse,JulianoLeherJJL,2013-12-22 19:46:00
Muse,ALEx_j_scoville,2013-12-22 20:51:00
Muse,Shadd3r,2013-12-22 23:28:00
Muse,rafasport2008,2013-12-23 00:23:00
Muse,Vichoko,2013-12-23 03:50:00
Muse,Procellaria,2013-12-23 09:56:00
Muse,Kimerio,2013-12-23 11:13:00
Muse,donemico,2013-12-23 13:18:00
Muse,amindarinadia,2013-12-23 14:27:00
Muse,biankadamascena,2013-12-23 16:47:00
Muse,TheLionzHeart1,2013-12-23 18:01:00
Muse,str8_left,2013-12-23 18:54:00
Muse,Ariadna_,2013-12-23 22:47:00
Muse,Ray_rod,2013-12-23 23:05:00
Muse,ClecioWilliam,2013-12-23 23:38:00
Muse,ninokk3,2013-12-24 12:53:00
Muse,kekkoz,2013-12-24 13:01:00
Muse,meet-the-enemy,2013-12-24 15:02:00
Muse,Blossom_girl,2013-12-24 15:10:00
Muse,Carlosluciano1,2013-12-24 16:37:00
Muse,Edd_10,2013-12-24 20:46:00
Muse,rockowa69,2013-12-24 21:58:00
Muse,PUCIKKO,2013-12-25 03:42:00
Muse,Vizbildakan,2013-12-25 07:31:00
Muse,jezstyle,2013-12-25 07:59:00
Muse,ConradGilmour93,2013-12-25 14:14:00
Muse,Anderson_BTH,2013-12-25 15:25:00
Muse,bellees2,2013-12-25 18:58:00
Muse,erlioth,2013-12-25 20:04:00
Muse,fellipevital,2013-12-25 23:20:00
Muse,dapp93,2013-12-25 23:43:00
Muse,CarlosFiesco,2013-12-26 00:19:00
Muse,matheus_rc01,2013-12-26 06:47:00
Muse,sebassanta,2013-12-26 20:02:00
Muse,christo88,2013-12-26 22:29:00
Muse,mariod90,2013-12-26 22:42:00
Muse,larifollowill,2013-12-26 23:01:00
Muse,TheConfuzed1,2013-12-27 04:18:00
Muse,Lydon17,2013-12-27 08:14:00
Muse,abeggi,2013-12-27 11:23:00
Muse,derya-ran,2013-12-27 14:03:00
Muse,CydonianSoldier,2013-12-27 14:19:00
Muse,pipegamboas,2013-12-27 16:14:00
Muse,h1mka,2013-12-27 16:16:00
Muse,franciskje,2013-12-27 16:40:00
Muse,Hamid-Naseri,2013-12-27 17:35:00
Muse,oskarsarco,2013-12-27 18:33:00
Muse,Sepulchral_,2013-12-27 18:49:00
Muse,DonSlon,2013-12-27 19:28:00
Muse,Natalia_Pereira,2013-12-27 21:52:00
Muse,grimmjowwill,2013-12-28 05:07:00
Muse,tamtomo,2013-12-28 05:53:00
Muse,RayeGunn,2013-12-28 06:48:00
Muse,hamednia,2013-12-28 12:00:00
Muse,Vizbildakan,2013-12-28 13:05:00
Muse,cooldude32,2013-12-28 14:08:00
Muse,omidhakki,2013-12-28 15:20:00
Muse,Sm0ger,2013-12-28 17:18:00
Muse,v_richardt,2013-12-28 17:30:00
Muse,Setareh_GD,2013-12-28 17:42:00
Muse,Like_RockStar,2013-12-28 17:56:00
Muse,NatalieMiracle,2013-12-28 17:58:00
Muse,Burning_Silence,2013-12-28 19:04:00
Muse,ClarissaGomes,2013-12-28 19:55:00
Muse,Risyea,2013-12-28 21:43:00
Muse,lexthalion,2013-12-28 22:34:00
Muse,Sound-Jam,2013-12-28 22:45:00
Muse,Zalvador05,2013-12-29 00:20:00
Muse,Rud-Johns,2013-12-29 01:27:00
Muse,leozim1205,2013-12-29 01:39:00
Muse,iMagdy91,2013-12-29 08:02:00
Muse,Effyness,2013-12-29 09:17:00
Muse,frag12,2013-12-29 12:30:00
Muse,Brams_,2013-12-29 13:36:00
Muse,shabzadeh,2013-12-29 14:09:00
Muse,KeicianeTesche,2013-12-29 14:54:00
Muse,LaurAlejandraC,2013-12-29 16:30:00
Muse,CleverBzz,2013-12-29 18:34:00
Muse,sanderlamb,2013-12-29 19:00:00
Muse,sungoesdown505,2013-12-29 22:26:00
Muse,akinisia,2013-12-29 22:28:00
Muse,Nilooy5,2013-12-29 22:49:00
Muse,hackaugusto,2013-12-29 22:53:00
Muse,GabrielaCarrer,2013-12-29 23:07:00
Muse,martinerad,2013-12-29 23:29:00
Muse,raestipated,2013-12-30 00:58:00
Muse,Ze-Bastian,2013-12-30 06:41:00
Muse,nagini-chan,2013-12-30 07:49:00
Muse,pogoshrooms,2013-12-30 08:22:00
Muse,prizefyter,2013-12-30 09:59:00
Muse,brizz89,2013-12-30 13:11:00
Muse,RockSandy,2013-12-30 14:11:00
Muse,vvimeo,2013-12-30 14:31:00
Muse,koariko,2013-12-30 14:33:00
Muse,taltos76,2013-12-30 16:16:00
Muse,SebaMella,2013-12-30 16:19:00
Muse,Unforgiven1991,2013-12-30 17:00:00
Muse,HydenAcero,2013-12-30 17:34:00
Muse,Sally_xyz,2013-12-30 17:58:00
Muse,PatkaNYC,2013-12-30 18:14:00
Muse,dkohan,2013-12-30 18:24:00
Muse,gansisrael,2013-12-30 18:38:00
Muse,Sharp-Ton,2013-12-30 19:26:00
Muse,ImDavo,2013-12-30 19:44:00
Muse,danteconrad14,2013-12-30 19:53:00
Muse,TheMetalus,2013-12-30 20:02:00
Muse,Goldwell,2013-12-30 21:23:00
Muse,BarbaraTManson,2013-12-30 22:06:00
Muse,ramonnaknows,2013-12-30 23:02:00
Muse,DouglasLessa,2013-12-31 02:18:00
Muse,nrios2207,2013-12-31 04:27:00
Muse,Kamizinho,2013-12-31 04:54:00
Muse,Iqbal_Madjid,2013-12-31 05:50:00
Muse,myglassprison_,2013-12-31 08:45:00
Muse,bakoOoma,2013-12-31 09:26:00
Muse,strongagain,2013-12-31 10:02:00
Muse,dreaminLara,2013-12-31 11:42:00
Muse,Frydendahl,2013-12-31 12:08:00
Muse,ChrisInChains,2013-12-31 15:37:00
Muse,queenbabypie,2013-12-31 16:32:00
Muse,Mili69,2013-12-31 16:49:00
Muse,cippicla,2013-12-31 16:50:00
Muse,kurtnirvanakris,2013-12-31 17:42:00
Muse,luishgo,2013-12-31 18:02:00
Muse,Guuy,2013-12-31 18:48:00
Muse,kellygm93,2013-12-31 21:34:00
Muse,KataTurunen,2013-12-31 21:38:00
Muse,blitox,2013-12-31 22:06:00
Muse,Ivnmetallica,2013-12-31 23:13:00
Muse,alanceloth,2013-12-31 23:15:00
Muse,tallesavenged,2013-12-31 23:36:00
Muse,juunnyn,2013-12-31 23:38:00
