The Jackson 5,morsanyi,2012-01-13 14:35:00
The Jackson 5,mizzalien,2012-04-11 14:36:00
The Jackson 5,nerialisson,2012-06-17 17:15:00
The Jackson 5,alyarahmania,2012-08-02 03:55:00
The Jackson 5,emilicon,2012-09-05 11:46:00
The Jackson 5,Mephistaqube,2012-11-04 22:59:00
The Jackson 5,reeceecup,2012-12-16 20:06:00
The Jackson 5,veititj,2012-12-28 01:12:00
The Jackson 5,funkdoctor76,2013-01-09 00:18:00
The Jackson 5,CoronaF,2013-01-25 18:56:00
The Jackson 5,bryenh,2013-02-08 10:31:00
The Jackson 5,wilbelison,2013-05-18 21:02:00
Jackson 5,music-offshore,2013-07-10 17:57:00
The Jackson 5,Pepello,2013-07-20 19:25:00
The Jackson 5,GenesisRushYes,2013-08-03 01:51:00
The Jackson 5,francesssca,2013-09-07 10:15:00
The Jackson 5,CARLOSMACINTOSH,2013-10-09 21:32:00
The Jackson 5,savoy-truffles,2013-11-04 23:35:00
The Jackson 5,dhgrafx,2013-11-16 18:40:00
The Jackson 5,xattabych,2013-11-22 04:07:00
The Jackson 5,tintaespiral,2013-11-22 15:15:00
The Jackson 5,Nhojjsong,2013-12-07 22:51:00
The Jackson 5,ditta007,2013-12-08 10:16:00
The Jackson 5,abragad,2013-12-11 17:06:00
The Jackson 5,bryce08,2013-12-15 00:42:00
The,casseybunn,2013-12-17 21:45:00
The Jackson 5,GhettoStarr,2013-12-19 08:10:00
The Jackson 5,fergomes,2013-12-19 12:57:00
The Jackson 5,LaFraaaa,2013-12-19 13:23:00
The Jackson 5,babymader,2013-12-22 07:31:00
The Jackson 5,ambrosen,2013-12-22 23:55:00
The Jackson 5,TheLionzHeart1,2013-12-23 16:13:00
The Jackson 5,anika-f,2013-12-24 11:35:00
The Jackson 5,frederickallen,2013-12-24 17:02:00
The Jackson 5,NFO_Ghor,2013-12-24 17:36:00
The Jackson 5,twewy2010,2013-12-24 19:34:00
The Jackson 5,redsoda747,2013-12-25 12:09:00
The Jackson 5,BurningUp98,2013-12-27 07:15:00
The Jackson 5,mezato,2013-12-27 13:59:00
The Jackson 5,derikrs,2013-12-28 15:51:00
The Jackson 5,cosmicgurl,2013-12-29 20:04:00
The Jackson 5,prizefyter,2013-12-30 12:02:00
The Jackson 5,alessandra_elle,2013-12-30 13:00:00
The Jackson 5,ojdean,2013-12-30 21:09:00
The Jackson 5,nat_89,2013-12-31 11:01:00
The Jackson 5,erikaneeds,2013-12-31 17:58:00
The Jackson 5,thezemme,2013-12-31 22:51:00
