Bob Marley & The Wailers,RuHai,2012-01-19 22:49:00
Bob Marley & The Wailers,archangel155,2012-02-05 22:49:00
Bob Marley & The Wailers,mastherion,2012-02-06 13:37:00
Bob Marley & The Wailers,thz21,2012-02-07 18:35:00
Bob Marley,Drew_kav,2012-02-15 21:49:00
Bob Marley,armand01990,2012-03-07 12:22:00
Bob Marley,mrcs03,2012-03-22 02:13:00
Bob Marley & The Wailers,Free-Info,2012-05-15 09:14:00
Bob Marley & The Wailers,DiaPaam,2012-06-20 19:33:00
Bob Marley,NiklasPsycho,2012-06-24 14:54:00
Bob Marley,Lordy92,2012-07-02 09:28:00
The Wailers,Crash6,2012-07-10 10:15:00
Bob Marley & The Wailers,nisip,2012-07-10 10:33:00
Bob Marley & The Wailers,albameccanica,2012-07-17 12:32:00
Bob Marley,jah_shokoko,2012-07-25 21:05:00
Bob Marley & The Wailers,jah_shokoko,2012-08-08 20:11:00
Bob Marley,onthefloor1,2012-08-24 01:46:00
Bob Marley,andreamarilla,2012-10-14 23:37:00
Bob Marley & The Wailers,Edisonbalboa,2012-11-05 15:28:00
Bob Marley & The Wailers,artfragile,2012-11-22 18:59:00
Bob Marley,Montseee,2012-12-06 03:02:00
Bob Marley,tatto11,2012-12-21 01:07:00
Bob Marley & The Wailers,jcpinzon86,2013-02-09 18:11:00
Bob Marley & The Wailers,juanini7777,2013-03-01 19:54:00
Bob Marley,dafyddee,2013-03-02 09:45:00
Bob Marley,Vagres,2013-03-02 23:36:00
Bob Marley,darinrmcclure,2013-04-18 15:22:00
Bob Marley,joeygiggles,2013-05-07 19:52:00
Bob Marley & The Wailers,heavymetalharsh,2013-05-22 18:59:00
Bob Marley,japanlovers,2013-05-25 13:08:00
Bob Marley & The Wailers,abeggi,2013-05-30 20:49:00
Bob Marley,zanganno,2013-06-03 19:23:00
Bob Marley,epilogue-,2013-06-23 16:58:00
Bob Marley,skyrim-666,2013-06-24 22:43:00
Bob Marley & The Wailers,skyrim-666,2013-06-24 22:54:00
Bob Marley,oeryl,2013-06-28 14:12:00
Bob Marley & The Wailers,artsavesyou,2013-07-04 15:43:00
Bob Marley & The Wailers,hsif,2013-07-07 14:11:00
Bob Marley,Bescrow,2013-07-16 04:07:00
Bob Marley & The Wailers,Bescrow,2013-07-16 04:09:00
Bob Marley & The Wailers,nintendolula,2013-07-17 00:25:00
Bob Marley,savio88it,2013-07-21 08:24:00
Bob Marley & The Wailers,danalaina,2013-08-05 02:05:00
Bob Marley & The Wailers,DREDRIN,2013-08-16 14:21:00
Bob Marley,jedicritic,2013-08-17 22:53:00
Bob Marley,remedous,2013-08-19 09:43:00
Bob Marley,domi0808,2013-08-21 11:00:00
Bob Marley & The Wailers,hitchcockophany,2013-08-25 06:43:00
The Wailers,hitchcockophany,2013-08-25 06:55:00
Bob Marley & The Wailers,LivingSugarFree,2013-08-25 20:03:00
Bob Marley,kanarekdriver,2013-08-28 13:16:00
Bob Marley,amnbff,2013-08-28 19:04:00
Bob Marley,Luan411,2013-08-31 15:33:00
Bob Marley & The Wailers,blaklyons,2013-09-01 20:11:00
Bob Marley,dersonveloso,2013-09-04 04:42:00
Bob Marley,NightRyder747,2013-09-07 20:06:00
Bob Marley & The Wailers,TheIslander89,2013-09-24 19:00:00
Bob Marley,buryxyourxkids,2013-09-30 04:02:00
M,CARLOSMACINTOSH,2013-10-10 13:57:00
Bob Marley,nicolauz,2013-10-13 07:50:00
Bob Marley & The Wailers,MacKenzieStout,2013-10-14 09:35:00
Bob Marley & The Wailers,FKNA1,2013-10-20 19:15:00
Bob Marley & The Wailers,Sarkiapone,2013-10-21 20:37:00
Bob Marley,mirko90,2013-10-25 22:27:00
Bob Marley,thorn_in_bubble,2013-10-31 22:58:00
Bob Marley,FKNA1,2013-11-06 03:46:00
Bob Marley,valeola,2013-11-07 03:15:00
Bob Marley & The Wailers,Michael_Dias,2013-11-08 20:05:00
Bob Marley & The Wailers,Halky,2013-11-11 16:10:00
Bob Marley & The Wailers,Josheppe,2013-11-16 10:49:00
Bob Marley,ilsonowl,2013-11-16 18:11:00
Bob Marley,yesyesitsjess,2013-11-18 18:02:00
Bob Marley,jinglynnbabee,2013-11-18 21:13:00
The Wailers,ilsonowl,2013-11-22 00:55:00
Bob Marley & The Wailers,garding,2013-11-25 16:29:00
Bob Marley,aaadka,2013-11-27 14:53:00
Bob Marley & The Wailers,je_di,2013-11-28 19:45:00
Bob Marley & The Wailers,dj4jorge,2013-11-29 11:26:00
Bob Marley,AgaetisByrjun-,2013-11-29 17:57:00
Bob Marley & The Wailers,FernandaCoradin,2013-12-02 00:39:00
Bob Marley,FernandaCoradin,2013-12-02 01:40:00
Bob Marley,wizbongre,2013-12-02 13:26:00
Bob Marley & The Wailers,PaRaGoDd,2013-12-03 23:39:00
Bob Marley & The Wailers,jenniehomo,2013-12-04 01:02:00
Bob Marley,dazedledzep,2013-12-04 21:39:00
Bob Marley & The Wailers,wizbongre,2013-12-05 15:09:00
Bob Marley & The Wailers,bas_ka,2013-12-06 14:49:00
Bob Marley & The Wailers,Horakk,2013-12-06 19:46:00
Bob Marley & The Wailers,MusicsSoulChild,2013-12-07 21:09:00
Bob Marley,LucasGCassol,2013-12-07 21:40:00
Bob Marley & The Wailers,pipefloyd,2013-12-08 13:12:00
Bob Marley,efamssa,2013-12-09 16:05:00
Bob Marley,bryce08,2013-12-14 03:33:00
Bob Marley,oleanderjoey,2013-12-14 07:42:00
Bob Marley & The Wailers,oleanderjoey,2013-12-14 07:53:00
Bob Marley,Lelapirka,2013-12-14 17:20:00
Bob Marley,kunasexy,2013-12-15 12:13:00
Bob Marley & The Wailers,figliadeifiori,2013-12-15 14:53:00
Bob Marley & The Wailers,nicoleasdf,2013-12-15 21:57:00
Bob Marley,Nataliaixa,2013-12-17 00:56:00
Bob Marley & The Wailers,alessandra_elle,2013-12-17 13:21:00
The,casseybunn,2013-12-17 21:45:00
Bob Marley & The Wailers,shakymc,2013-12-17 22:35:00
Bob Marley,camilatangerine,2013-12-18 02:42:00
Bob Marley & The Wailers,lightsoul07,2013-12-18 14:35:00
Bob Marley & The Wailers,manuellachagas,2013-12-18 17:04:00
Bob Marley & The Wailers,juanpalacios_d,2013-12-19 04:30:00
Bob Marley,mixa93,2013-12-19 23:31:00
Bob Marley & The Wailers,derya-ran,2013-12-20 13:56:00
Bob Marley & The Wailers,danielanalq1,2013-12-21 18:35:00
Bob Marley,danielanalq1,2013-12-21 18:48:00
Bob Marley,cynsalgado,2013-12-22 00:42:00
Bob Marley & The Wailers,Lucatatau,2013-12-22 07:50:00
Bob Marley,urbanbackstage,2013-12-22 14:40:00
Bob Marley,PureDrama,2013-12-22 23:21:00
Bob Marley,tilllama,2013-12-23 03:41:00
Bob Marley & The Wailers,tilllama,2013-12-23 10:42:00
Bob Marley & The Wailers,diegocevallosn,2013-12-23 20:54:00
Bob Marley & The Wailers,christiannevdb,2013-12-23 23:07:00
Bob Marley,myxoi,2013-12-23 23:54:00
The Wailers,BassCans,2013-12-24 07:58:00
Bob Marley & The Wailers,BassCans,2013-12-24 12:17:00
Bob Marley & The Wailers,anika-f,2013-12-24 12:34:00
Bob Marley & The Wailers,miissweet,2013-12-24 13:35:00
Bob Marley & The Wailers,six_sacher,2013-12-24 17:08:00
Bob Marley,camuquengue,2013-12-24 20:55:00
Bob Marley,Tcbunder,2013-12-24 21:26:00
Bob Marley,jurgencitit,2013-12-25 01:07:00
Bob Marley & The Wailers,bhaggy,2013-12-25 19:56:00
Bob Marley,aliceshrank,2013-12-25 20:32:00
Bob Marley & The Wailers,said37,2013-12-26 12:07:00
Bob Marley & The Wailers,mambamutu,2013-12-26 13:29:00
Bob Marley & The Wailers,epi_gee,2013-12-26 19:00:00
Bob Marley & The Wailers,lemankeet,2013-12-26 19:26:00
Bob Marley,juliantxo,2013-12-26 20:04:00
Bob Marley & The Wailers,fabianvarela,2013-12-26 21:10:00
The Wailers,diegocevallosn,2013-12-26 21:54:00
Bob Marley & The Wailers,ericshep,2013-12-27 01:16:00
Bob Marley,aaminou01,2013-12-27 11:07:00
Bob Marley,ozguronce,2013-12-27 13:15:00
Bob Marley,sharogil,2013-12-27 16:39:00
Bob Marley & The Wailers,sharogil,2013-12-27 17:10:00
Bob Marley & The Wailers,metalarmani,2013-12-27 23:12:00
Bob Marley & The Wailers,caroogg,2013-12-28 01:53:00
Bob Marley,MANAHEN-RODRIG,2013-12-28 02:27:00
Bob Marley & The Wailers,funkdoctor76,2013-12-28 02:33:00
Bob Marley,ricardovinicios,2013-12-28 03:46:00
Bob Marley,CousinEarl,2013-12-28 04:21:00
Bob Marley & The Wailers,LucasArnon,2013-12-28 07:13:00
Bob Marley,eWarning,2013-12-28 13:47:00
Bob Marley & The Wailers,eWarning,2013-12-28 14:02:00
Bob Marley & The Wailers,jmcullivarri,2013-12-28 21:18:00
Bob Marley & The Wailers,Nataliaixa,2013-12-28 23:05:00
Bob Marley,Victory666,2013-12-28 23:06:00
Bob Marley,MokNok,2013-12-29 09:13:00
Bob Marley,Sirius1125,2013-12-29 15:33:00
Bob Marley,Big_Davy,2013-12-29 19:39:00
Bob Marley & The Wailers,lukasz_pulawski,2013-12-29 21:54:00
Bob Marley,caroogg,2013-12-29 21:56:00
Bob Marley,dressaonfire,2013-12-30 06:28:00
Bob Marley & The Wailers,dressaonfire,2013-12-30 06:35:00
B,theotherjason,2013-12-30 07:59:00
Bob Marley,Rosina68,2013-12-30 09:19:00
Bob Marley,ninokk3,2013-12-30 11:11:00
Bob Marley,Moongonebyeby,2013-12-30 14:24:00
Bob Marley,soundcello,2013-12-30 17:38:00
The Wailers,soundcello,2013-12-30 17:55:00
Bob Marley & The Wailers,TheConfuzed1,2013-12-30 18:03:00
Bob Marley & The Wailers,soundcello,2013-12-30 18:52:00
Bob Marley & The Wailers,useless_man,2013-12-30 18:53:00
Bob Marley & The Wailers,Goldwell,2013-12-30 19:13:00
Bob Marley & The Wailers,houssam_oussama,2013-12-30 20:57:00
Bob Marley,Forget_this,2013-12-30 22:37:00
Bob Marley & The Wailers,Ghazi88,2013-12-30 23:22:00
Bob Marley,Ghazi88,2013-12-30 23:25:00
Bob Marley,DJ_Plugman,2013-12-30 23:39:00
The Wailers,Karen_Helena,2013-12-31 01:30:00
Bob Marley & The Wailers,Vemrion,2013-12-31 05:18:00
Bob Marley & The Wailers,rustco,2013-12-31 07:49:00
Bob Marley & The Wailers,lucastar07,2013-12-31 08:57:00
Bob Marley & The Wailers,DouglasLessa,2013-12-31 11:10:00
Bob Marley & The Wailers,zoarces,2013-12-31 11:38:00
Bob Marley & The Wailers,Musik5,2013-12-31 12:11:00
Bob Marley & The Wailers,salamanda_uk,2013-12-31 12:28:00
Bob Marley & The Wailers,janmyst,2013-12-31 14:20:00
Bob Marley & The Wailers,troutmasked,2013-12-31 14:51:00
Bob Marley,bentelhaj,2013-12-31 16:06:00
Bob Marley & The Wailers,dosorioh,2013-12-31 16:29:00
Bob Marley,MOPCO,2013-12-31 16:47:00
Bob Marley,graciela85,2013-12-31 17:10:00
The Wailers,SoftcorePunk,2013-12-31 17:26:00
Bob Marley & The Wailers,mzuverink,2013-12-31 17:39:00
Bob Marley & The Wailers,MOPCO,2013-12-31 17:44:00
Bob Marley,FunkyMonk6969,2013-12-31 20:09:00
Bob Marley & The Wailers,Chaosmusic23,2013-12-31 21:59:00
