Coldplay,gashan,2012-01-06 16:55:00
Coldplay,JFSowned,2012-01-07 22:48:00
Coldplay,nerialisson,2012-01-16 12:50:00
Coldplay,lola_dub,2012-02-05 18:26:00
Coldplay,archangel155,2012-02-05 22:09:00
Coldplay,thz21,2012-02-07 18:02:00
Coldplay,cakessbaby,2012-02-13 17:01:00
Coldplay,mrcs03,2012-02-17 22:39:00
Coldplay,manialf,2012-02-18 17:07:00
Coldplay,Maripepper,2012-03-07 13:32:00
Coldplay,CabronDeOro,2012-03-08 21:09:00
Coldplay,Patocastillo,2012-03-22 01:58:00
Coldplay,Lynious,2012-03-25 00:39:00
Cold,Lynious,2012-03-25 20:06:00
Cold,RodneyPike,2012-03-31 22:44:00
Coldplay,Sword666,2012-04-04 17:19:00
Coldplay,mizzalien,2012-04-11 14:45:00
Coldplay,Ca_oS,2012-04-17 07:51:00
Coldplay,asib_,2012-04-25 14:56:00
Coldplay,Paatriick,2012-04-28 22:48:00
Coldplay,Free-Info,2012-05-14 10:56:00
Coldplay,KevinPistone,2012-05-14 17:33:00
Coldplay,Lordy92,2012-05-23 10:26:00
Coldplay,alnihan,2012-05-26 15:49:00
Coldplay,Andylat,2012-06-08 01:08:00
Coldplay,radiohead_girl1,2012-06-10 05:22:00
Coldplay,utopico14,2012-06-14 02:54:00
Coldplay,meteoro-2028,2012-06-22 04:58:00
Coldplay,Froster16,2012-06-23 22:21:00
Coldplay,Suck3,2012-07-09 01:42:00
Coldplay,DazeHub,2012-07-16 22:39:00
Coldplay,sockenkathi,2012-07-18 17:58:00
Coldplay,sparklehoorse,2012-08-01 05:07:00
Coldplay,alyarahmania,2012-08-03 09:18:00
Coldplay,camilaborreroa,2012-08-26 18:32:00
Coldplay,miichellepm,2012-09-02 00:21:00
Coldplay,onthefloor1,2012-09-13 19:11:00
Coldplay,Miriiamm,2012-09-17 18:30:00
Coldplay,publiof,2012-09-21 01:54:00
Coldplay,Anders__H,2012-10-04 03:36:00
Coldplay,PriscilaVallejo,2012-10-06 15:13:00
Coldplay,elisamobini,2012-10-07 23:58:00
Cold,jseedman,2012-10-14 00:28:00
Coldplay,LucasLycan,2012-10-17 14:40:00
Coldplay,darksaphira,2012-10-29 14:40:00
Coldplay,justi85,2012-11-01 19:19:00
Coldplay,Lenaa93,2012-11-01 21:05:00
Coldplay,TimZurita,2012-11-11 15:07:00
Coldplay,tatto11,2012-11-12 19:16:00
Coldplay,micksay,2012-11-13 19:13:00
Coldplay,Freya_8,2012-11-14 19:37:00
Coldplay,Namiraaa,2012-11-26 13:17:00
Coldplay,amaury_amr,2012-11-27 13:55:00
Coldplay,Montseee,2012-12-05 03:45:00
Coldplay,reeceecup,2012-12-16 16:34:00
Coldplay,jjaviernavas,2012-12-23 21:53:00
Coldplay,White__Sparrow,2012-12-29 17:50:00
Coldplay,magneto538,2013-01-02 14:29:00
Coldplay,MedleyGuitar,2013-01-04 15:44:00
Coldplay,SonyLins,2013-01-05 21:42:00
Coldplay,joydivision-,2013-01-06 18:02:00
Coldplay,Ginkarasu,2013-01-08 21:37:00
Coldplay,Labinis,2013-01-15 01:37:00
Coldplay,yiddo58,2013-01-16 10:54:00
Coldplay,joaohyuuga,2013-01-17 11:41:00
Coldplay,ishamael2,2013-01-21 02:39:00
Coldplay,SlashBlaze,2013-01-25 01:31:00
Coldplay,AlexandraFaith,2013-01-25 07:54:00
Coldplay,imhulkomaniac,2013-02-07 20:09:00
Coldplay,malindaun,2013-02-21 12:20:00
Coldplay,Cattola,2013-03-04 17:37:00
Coldplay,Lievesam,2013-04-03 21:09:00
Coldplay,valky_,2013-04-08 14:44:00
Coldplay,wildcrazysexy,2013-04-09 19:14:00
Coldplay,darinrmcclure,2013-04-18 14:48:00
Coldplay,domi0808,2013-04-28 13:57:00
Cold,TheGamerGod333,2013-05-05 00:43:00
Coldplay,Gabytuca,2013-05-11 11:06:00
Coldplay,Gon1251,2013-05-11 21:55:00
Coldplay,danielastefania,2013-05-12 00:42:00
Coldplay,agnesbeauchamp,2013-05-14 23:39:00
Coldplay,heavymetalharsh,2013-05-16 19:06:00
Coldplay,SzymekA666,2013-05-24 23:33:00
Coldplay,thrilla99,2013-05-25 15:42:00
Coldplay,Tazmainian_Guru,2013-05-26 23:21:00
Coldplay,ignacio_andres,2013-05-29 04:08:00
Coldplay,Theboyce,2013-06-03 05:41:00
Coldplay,zanganno,2013-06-03 19:05:00
Coldplay,otakuool,2013-06-22 07:57:00
Coldplay,Alfredinik,2013-07-05 00:18:00
Coldplay,_kit_,2013-07-08 20:29:00
Coldplay,savio88it,2013-07-19 10:29:00
Coldplay,purcy,2013-07-26 14:59:00
Coldplay,pethogod,2013-07-29 14:45:00
Coldplay,mariposadehumo,2013-07-29 14:46:00
Coldplay,Dart974,2013-08-03 11:27:00
Coldplay,JuankCastro,2013-08-03 18:15:00
Coldplay,nicofolk,2013-08-06 17:37:00
Coldplay,MorganPlusMusic,2013-08-13 03:09:00
Cold,Yuliamua,2013-08-13 22:01:00
Coldplay,lRminRl,2013-08-22 02:18:00
Coldplay,MadGrave,2013-08-23 12:25:00
Cold,Jimmy_Immy,2013-08-24 15:39:00
Cold,GuitarGodRocks,2013-09-01 13:30:00
Coldplay,joseluizlg,2013-09-02 20:53:00
Coldplay,amnbff,2013-09-03 17:36:00
Coldplay,tsavatar,2013-09-06 14:09:00
Coldplay,feravanesha,2013-09-09 06:25:00
Coldplay,olgagangband,2013-09-09 23:13:00
Coldplay,liahc,2013-09-15 15:24:00
Coldplay,ale_caro,2013-09-20 21:58:00
Coldplay,stevenkrohn215,2013-09-23 17:08:00
Coldplay,Huetensil,2013-09-26 17:34:00
Coldplay,notrika,2013-09-29 16:02:00
Coldplay,Julieth250,2013-09-30 22:26:00
Coldplay,paulomealha,2013-10-04 12:34:00
Coldplay,pinkrialto,2013-10-10 22:42:00
Coldplay,valeola,2013-10-15 00:53:00
Coldplay,lorryriff,2013-10-15 13:34:00
Coldplay,MarianoCuajao,2013-10-16 23:41:00
Coldplay,scrip79,2013-10-18 14:45:00
Coldplay,Elsiima,2013-10-24 02:12:00
Coldplay,daddydan360,2013-10-24 03:28:00
Coldplay,Retronautti,2013-10-25 11:14:00
Coldplay,mirko90,2013-10-25 21:14:00
Coldplay,elsterama,2013-10-30 22:09:00
Coldplay,Syriuz,2013-11-01 03:06:00
Coldplay,silenzioso,2013-11-04 11:56:00
Coldplay,Sarkiapone,2013-11-06 20:32:00
Coldplay,Luis_DonY,2013-11-11 05:24:00
Coldplay,dhgrafx,2013-11-11 17:22:00
Coldplay,antycake,2013-11-12 17:01:00
Coldplay,willyG--,2013-11-13 17:57:00
Coldplay,afr0polak,2013-11-15 18:38:00
Coldplay,Andriia,2013-11-16 01:49:00
Coldplay,redhotfire,2013-11-17 05:56:00
Coldplay,Nadeem592,2013-11-17 17:35:00
Coldplay,JulianaVT,2013-11-19 22:51:00
Coldplay,mackcrit077,2013-11-20 12:48:00
Coldplay,Blueeeeeee,2013-11-20 17:44:00
Coldplay,Turquoise10,2013-11-21 23:10:00
Coldplay,jdhancock,2013-11-22 22:31:00
Coldplay,raguabros,2013-11-24 23:24:00
Coldplay,HighAlpine,2013-11-25 16:19:00
Coldplay,Iyago_7454,2013-11-28 03:51:00
Coldplay,accezz,2013-11-28 09:54:00
Coldplay,Abjuro,2013-11-28 18:56:00
Coldplay,karlixpaz,2013-11-28 23:26:00
Coldplay,picilavox,2013-11-30 18:02:00
Coldplay,Xiaron,2013-12-01 11:38:00
Coldplay,navypink,2013-12-02 18:53:00
Coldplay,drmxmyt,2013-12-02 19:05:00
Coldplay,lemurowa,2013-12-02 23:51:00
Coldplay,mellulpz,2013-12-03 09:43:00
Coldplay,thorn_in_bubble,2013-12-03 23:25:00
Coldplay,Hrva3101,2013-12-04 13:09:00
Coldplay,flyguyit,2013-12-04 17:33:00
Coldplay,imwithfatcats,2013-12-05 16:38:00
Coldplay,bohemian00,2013-12-05 23:23:00
Coldplay,augustosperfeld,2013-12-06 19:39:00
Coldplay,IpeDeschain,2013-12-06 19:42:00
Coldplay,amindarinadia,2013-12-06 23:30:00
Coldplay,arantir777,2013-12-08 10:49:00
Coldplay,umurcan,2013-12-08 20:32:00
Coldplay,dakatapetrov,2013-12-09 01:42:00
Coldplay,Mairaalejandra_,2013-12-09 03:28:00
Cold,jajabor150,2013-12-09 06:55:00
Coldplay,adelinecarlaa,2013-12-09 12:46:00
Coldplay,Loverpini,2013-12-09 14:14:00
Coldplay,mpalismo,2013-12-09 18:52:00
Coldplay,kainirika,2013-12-09 21:10:00
Coldplay,corpsedolls,2013-12-10 10:52:00
Coldplay,Hoppipolla18,2013-12-10 16:11:00
Coldplay,rocioyong1411,2013-12-10 21:05:00
Coldplay,Fire_Away,2013-12-10 21:28:00
Coldplay,Iqbal_Madjid,2013-12-11 03:50:00
Coldplay,efamssa,2013-12-11 07:42:00
Coldplay,Tierres,2013-12-11 12:30:00
Coldplay,molleeb,2013-12-11 14:39:00
Coldplay,zicci,2013-12-11 18:36:00
Coldplay,miissweet,2013-12-12 00:06:00
Coldplay,gabitches,2013-12-12 00:52:00
Coldplay,dazza333,2013-12-12 01:26:00
Coldplay,reddiefe,2013-12-12 02:35:00
Coldplay,Horace_B,2013-12-12 15:57:00
Coldplay,thomazvictorR,2013-12-12 18:36:00
Coldplay,sandysandra11,2013-12-12 20:52:00
Coldplay,kunasexy,2013-12-13 02:16:00
Coldplay,Miyamoto2008,2013-12-14 11:11:00
Coldplay,Lerdon,2013-12-14 14:40:00
Coldplay,ancaduma,2013-12-14 17:26:00
Coldplay,qni4ka,2013-12-14 23:03:00
Coldplay,oleanderjoey,2013-12-15 08:56:00
Coldplay,bugman996,2013-12-16 18:52:00
Coldplay,IzzieJolie,2013-12-16 18:57:00
Coldplay,CaroYan,2013-12-16 19:04:00
Coldplay,smirnoff40,2013-12-16 23:37:00
Coldplay,susangiulia,2013-12-17 00:58:00
Coldplay,dreamgeek,2013-12-17 03:42:00
Coldplay,coyoteentijuana,2013-12-17 03:55:00
Coldplay,BradipoSid,2013-12-17 09:18:00
Coldplay,anantavania,2013-12-17 12:33:00
Coldplay,a-freire,2013-12-17 13:13:00
Coldplay,steromind,2013-12-17 17:36:00
Coldplay,lovixel,2013-12-17 22:50:00
Coldplay,BlastGangg,2013-12-18 01:17:00
Coldplay,Anto_4491,2013-12-18 07:18:00
Coldplay,finbred,2013-12-18 08:07:00
Coldplay,camilatangerine,2013-12-18 10:33:00
Coldplay,DenerDs7,2013-12-18 15:16:00
Coldplay,lobotomiatbm,2013-12-18 17:01:00
Coldplay,vinfern,2013-12-18 19:19:00
Coldplay,smallcake,2013-12-18 20:43:00
Coldplay,pepex_,2013-12-18 22:59:00
Coldplay,AlerceValdivia,2013-12-18 23:11:00
Coldplay,juanpalacios_d,2013-12-18 23:22:00
Coldplay,LucasGCassol,2013-12-18 23:51:00
Coldplay,AdamFirst,2013-12-19 02:01:00
Coldplay,LoveMusic666,2013-12-19 03:58:00
Coldplay,n-winchester,2013-12-19 09:14:00
Coldplay,bloodmandarin,2013-12-19 09:36:00
Coldplay,ZazzzA,2013-12-19 11:55:00
Coldplay,Pamevval,2013-12-19 14:20:00
Coldplay,iaraEdelstein,2013-12-19 23:45:00
Coldplay,str8_left,2013-12-20 00:20:00
Coldplay,cleberhenrique,2013-12-20 01:44:00
Coldplay,DonQuase,2013-12-20 04:45:00
Coldplay,DannyCamelo,2013-12-20 07:38:00
Coldplay,Kiana4real,2013-12-20 10:47:00
Coldplay,daaamlaaa,2013-12-20 11:37:00
Coldplay,niko1020,2013-12-20 11:49:00
Coldplay,nouhailler,2013-12-20 12:55:00
Coldplay,LaurAlejandraC,2013-12-20 15:00:00
Coldplay,Risyea,2013-12-20 17:30:00
Cold,williamsdwight3,2013-12-20 17:42:00
Coldplay,shanecheese123,2013-12-20 18:16:00
Coldplay,pickenicke,2013-12-20 18:18:00
Coldplay,DiSando,2013-12-20 18:55:00
Coldplay,Nephologia,2013-12-20 19:43:00
Coldplay,MIlliMelliMolli,2013-12-21 01:11:00
Coldplay,Scharfy,2013-12-21 03:49:00
Coldplay,PolitEconomist,2013-12-21 10:11:00
Coldplay,arturgurau,2013-12-21 17:07:00
Coldplay,nathmuse,2013-12-22 04:31:00
Coldplay,Shorty579,2013-12-22 11:04:00
Coldplay,NargesM,2013-12-22 11:12:00
Coldplay,DevilDave59,2013-12-22 16:54:00
Coldplay,MokNok,2013-12-22 16:55:00
Coldplay,Yuusaku_G,2013-12-22 18:14:00
Coldplay,BurningUp98,2013-12-22 18:23:00
Coldplay,stefanepaula,2013-12-22 19:01:00
Coldplay,gimmixAT,2013-12-22 21:29:00
Coldplay,casseybunn,2013-12-23 03:52:00
Coldplay,marilink,2013-12-23 08:01:00
Coldplay,Litvica,2013-12-23 12:02:00
Coldplay,martinerad,2013-12-23 15:11:00
Coldplay,sourciana,2013-12-23 16:03:00
Cold,pathis,2013-12-23 17:20:00
Coldplay,biankadamascena,2013-12-23 17:57:00
Coldplay,diegocevallosn,2013-12-23 20:24:00
Coldplay,apollon23,2013-12-23 20:37:00
Coldplay,marcobardus,2013-12-23 23:28:00
Coldplay,XxAmeliexX,2013-12-24 04:10:00
Coldplay,Ray_rod,2013-12-24 06:45:00
Coldplay,RedCabriolet,2013-12-24 09:06:00
Coldplay,LAST.HQ,2013-12-24 10:15:00
Coldplay,karinalupita,2013-12-24 11:08:00
Coldplay,Annet5,2013-12-24 11:29:00
Coldplay,iNsane_dexter,2013-12-24 12:14:00
Coldplay,nsmnvd,2013-12-24 15:49:00
Coldplay,babymader,2013-12-24 18:34:00
Coldplay,carrolala,2013-12-24 20:15:00
Coldplay,Im_valo,2013-12-24 20:39:00
Coldplay,Tetting,2013-12-24 20:49:00
Coldplay,RedHarryW,2013-12-24 22:19:00
Coldplay,rockowa69,2013-12-24 22:24:00
Coldplay,lvloon,2013-12-25 05:50:00
Coldplay,i_galib,2013-12-25 11:16:00
Coldplay,Anderson_BTH,2013-12-25 14:23:00
Coldplay,bellees2,2013-12-25 15:16:00
Coldplay,DougMetalers,2013-12-25 16:15:00
Coldplay,cyberdees,2013-12-25 18:24:00
Coldplay,lemankeet,2013-12-25 20:22:00
Coldplay,CarlosFiesco,2013-12-26 00:49:00
Coldplay,Wild_cnild,2013-12-26 13:10:00
Coldplay,iMagdy91,2013-12-26 14:05:00
Coldplay,Ausschenker,2013-12-26 16:23:00
Coldplay,Fortiske,2013-12-26 16:36:00
Coldplay,fabianvarela,2013-12-26 16:44:00
Coldplay,estefanina,2013-12-26 17:50:00
Coldplay,loiiraaah,2013-12-26 17:59:00
Coldplay,YLiseth,2013-12-26 20:21:00
Coldplay,rustandsoul,2013-12-26 20:29:00
Coldplay,Raaquel-,2013-12-26 21:21:00
Coldplay,ClarissaGomes,2013-12-26 22:27:00
Coldplay,ItsmeChrissi,2013-12-26 22:31:00
Coldplay,ImDavo,2013-12-27 00:37:00
Coldplay,onlycharles,2013-12-27 02:00:00
Coldplay,xfreeeeze,2013-12-27 09:50:00
Cold,koariko,2013-12-27 11:08:00
Coldplay,koariko,2013-12-27 13:44:00
Coldplay,luweewu,2013-12-27 14:39:00
Coldplay,aliorrala18,2013-12-27 16:49:00
Coldplay,Sound-Jam,2013-12-27 18:23:00
Coldplay,nowandzen97,2013-12-27 19:40:00
Coldplay,mymalox,2013-12-28 00:36:00
Coldplay,cysdream,2013-12-28 05:11:00
Coldplay,sasjja,2013-12-28 05:20:00
Coldplay,vivolemiefasi,2013-12-28 12:08:00
Coldplay,SuchBadBoy,2013-12-28 12:18:00
Coldplay,Vizbildakan,2013-12-28 13:44:00
Coldplay,Vizbildakan,2013-12-28 13:44:00
Coldplay,JoshWoodward,2013-12-28 14:08:00
Coldplay,palefigure,2013-12-28 14:20:00
Cold,Kreisecke,2013-12-28 14:27:00
Coldplay,TemptationNight,2013-12-28 14:48:00
Coldplay,dspedersen,2013-12-28 16:56:00
Coldplay,Edd_10,2013-12-28 17:14:00
Coldplay,msderyae,2013-12-28 17:18:00
Coldplay,Burning_Silence,2013-12-28 18:28:00
Coldplay,Hamid-Naseri,2013-12-28 19:19:00
Coldplay,Elizabbeth,2013-12-28 19:55:00
Cold,DaydreamJB,2013-12-28 22:51:00
Coldplay,nofloba,2013-12-29 03:28:00
Coldplay,juan6630,2013-12-29 03:34:00
Coldplay,NimaTayloR,2013-12-29 08:55:00
Coldplay,TomStardust,2013-12-29 11:29:00
Cold,danteconrad14,2013-12-29 12:32:00
Coldplay,nat_89,2013-12-29 13:04:00
Coldplay,Like_RockStar,2013-12-29 13:11:00
Coldplay,spider903,2013-12-29 15:07:00
Coldplay,aabriil,2013-12-29 16:00:00
Coldplay,lafatacarabina,2013-12-29 16:58:00
Coldplay,zeineb96,2013-12-29 17:21:00
Coldplay,sanderlamb,2013-12-29 17:48:00
Coldplay,tallesavenged,2013-12-29 21:22:00
Coldplay,CleverBzz,2013-12-29 21:25:00
Cold,Alphashewolf,2013-12-29 22:40:00
Coldplay,in__mask,2013-12-29 23:16:00
Coldplay,don1z,2013-12-29 23:29:00
Coldplay,MauroTriana,2013-12-29 23:43:00
Coldplay,Clive91,2013-12-30 00:09:00
Coldplay,lexthalion,2013-12-30 00:59:00
Coldplay,JazzEatTheWorld,2013-12-30 01:04:00
Coldplay,Nirvandrea,2013-12-30 05:56:00
Coldplay,xlandir,2013-12-30 07:03:00
Coldplay,mazzomat,2013-12-30 10:02:00
Coldplay,Fintelligent,2013-12-30 10:20:00
Coldplay,rko1988,2013-12-30 11:49:00
Coldplay,Effyness,2013-12-30 12:28:00
Coldplay,janmyst,2013-12-30 12:43:00
Coldplay,SebaMella,2013-12-30 13:12:00
Coldplay,NaelaAli,2013-12-30 13:18:00
Coldplay,feehjudd,2013-12-30 14:31:00
Coldplay,inter_fen,2013-12-30 15:51:00
Coldplay,beautiful_guilt,2013-12-30 18:51:00
Coldplay,Suckitandsee17,2013-12-30 19:02:00
Coldplay,Sharp-Ton,2013-12-30 19:21:00
Coldplay,remedous,2013-12-30 22:35:00
Coldplay,houssam_oussama,2013-12-30 23:23:00
Coldplay,viktorvondoom,2013-12-30 23:38:00
Coldplay,petrsc,2013-12-31 00:39:00
Coldplay,senseinside,2013-12-31 01:21:00
Cold,mizi303,2013-12-31 03:31:00
Coldplay,DarkMessengerVI,2013-12-31 05:30:00
Coldplay,nubemaria,2013-12-31 08:19:00
Coldplay,franciskje,2013-12-31 09:10:00
Coldplay,basika0,2013-12-31 09:41:00
Coldplay,taltos76,2013-12-31 10:46:00
Coldplay,AppreciateThis,2013-12-31 10:58:00
Coldplay,zoobit,2013-12-31 11:17:00
Coldplay,fla-mini,2013-12-31 12:21:00
Coldplay,Iselinka,2013-12-31 12:48:00
Coldplay,borella_k,2013-12-31 13:35:00
Coldplay,Chrysa85,2013-12-31 15:13:00
Coldplay,AmyMirka,2013-12-31 15:30:00
Coldplay,BangBangerzzz,2013-12-31 16:14:00
Coldplay,graciela85,2013-12-31 17:10:00
Coldplay,danteconrad14,2013-12-31 17:31:00
Coldplay,Guuy,2013-12-31 17:56:00
Coldplay,welfordian,2013-12-31 19:27:00
Coldplay,Natalie_k7,2013-12-31 19:51:00
Coldplay,dagli_rusen,2013-12-31 21:18:00
Coldplay,nrios2207,2013-12-31 21:26:00
Coldplay,thainacutrim,2013-12-31 22:44:00
Cold,damndexx,2013-12-31 23:33:00
