Manowar,rody-metal,2012-01-04 00:18:00
Manowar,JACK_1971,2012-01-29 11:08:00
Manowar,BonJoviRules,2012-02-13 10:10:00
Manowar,metal-22,2012-02-14 12:28:00
Manowar,yiddo58,2012-12-11 10:49:00
Manowar,Fat-Ass,2013-01-10 09:00:00
Manowar,igbaria,2013-04-03 13:21:00
Manowar,XxAmeliexX,2013-05-13 09:59:00
Man,AshleyBovan,2013-05-16 11:55:00
Manowar,forenzer,2013-05-18 13:10:00
Manowar,heavymetalharsh,2013-05-23 09:50:00
Manowar,b297,2013-06-06 05:03:00
Manowar,Alex_BeaveRG,2013-06-21 17:12:00
Manowar,skyrim-666,2013-06-21 21:06:00
Manowar,goskowa94,2013-07-23 20:59:00
Manowar,sabretung,2013-07-31 06:06:00
Manowar,DrinkDaBleach,2013-08-12 11:28:00
Manowar,Cid_Highwind,2013-08-18 01:36:00
Manowar,Thunder_Drako,2013-08-21 10:16:00
Manowar,fx0123,2013-08-31 09:08:00
Manowar,diacrisan,2013-08-31 10:33:00
Manowar,Abriana-Rpo,2013-09-09 15:53:00
Manowar,mortaldecay,2013-09-17 03:05:00
Manowar,Erusenu,2013-09-26 12:11:00
M,CARLOSMACINTOSH,2013-10-10 13:57:00
Manowar,silenzioso,2013-10-12 00:29:00
Manowar,arisdenis,2013-10-14 19:55:00
Manowar,shirugaron,2013-10-21 23:49:00
Manowar,Sarkiapone,2013-10-23 07:58:00
Manowar,LogicDaemon,2013-10-23 13:40:00
Manowar,lorenzog,2013-10-24 08:38:00
Manowar,MetalWitcher,2013-10-24 12:00:00
Manowar,Teufelsweib93,2013-11-05 21:38:00
Manowar,TheKilljoy50,2013-11-11 20:03:00
Manowar,PietBuseyne,2013-11-12 09:51:00
Manowar,MrSweetIM,2013-11-14 09:48:00
Manowar,JoaoVictorMn,2013-11-23 14:51:00
Manowar,Hermes3megisto,2013-11-26 14:43:00
Manowar,allylion,2013-11-26 16:39:00
Manowar,special_gabs,2013-12-03 11:56:00
Manowar,kotic1,2013-12-07 16:49:00
Manowar,aaadka,2013-12-08 20:32:00
Manowar,T-Storm,2013-12-12 18:38:00
Manowar,Zetti,2013-12-14 23:42:00
Manowar,addictiondiary,2013-12-15 21:04:00
Manowar,jbpuertam2,2013-12-15 22:59:00
Manowar,RockChick665,2013-12-16 20:24:00
Manowar,Zwaarmetaal,2013-12-17 08:02:00
Manowar,AbSurDMaN_,2013-12-17 14:43:00
Manowar,laddy09,2013-12-18 09:11:00
Manowar,Sinistron,2013-12-20 07:16:00
Manowar,chmedina,2013-12-20 16:16:00
Manowar,ferdyDOTit,2013-12-21 18:35:00
Manowar,Lemmy1311,2013-12-21 18:40:00
Manowar,Sliron,2013-12-22 14:54:00
Manowar,Eliallday,2013-12-23 04:31:00
Manowar,HarleyBlade,2013-12-23 11:00:00
Manowar,ReneGWH,2013-12-23 19:14:00
Manowar,Wednesday10,2013-12-24 00:06:00
Manowar,andersabbath,2013-12-24 18:04:00
Manowar,aquivaldo,2013-12-24 22:38:00
Manowar,Evaneses,2013-12-25 12:44:00
Manowar,Templar-,2013-12-25 17:21:00
Manowar,VAMPYR42,2013-12-26 05:53:00
Manowar,Grimbeorn,2013-12-26 11:54:00
Manowar,Nypel,2013-12-26 16:47:00
Manowar,metalmarky,2013-12-26 19:53:00
Manowar,santyvascal,2013-12-26 20:54:00
Manowar,hellion6873,2013-12-26 23:17:00
Manowar,ailanda,2013-12-27 00:10:00
Manowar,BeIieve,2013-12-27 03:17:00
Manowar,SubmitToDeath,2013-12-27 07:00:00
Manowar,derya-ran,2013-12-27 09:35:00
Manowar,OnkelKurt,2013-12-27 10:40:00
Manowar,MatheusSampaioR,2013-12-27 13:27:00
Manowar,batcream,2013-12-27 14:56:00
Manowar,Woaaw,2013-12-27 15:23:00
Manowar,CryForTheWeeper,2013-12-27 17:56:00
Manowar,AboveMars,2013-12-27 20:24:00
Manowar,Daniel_Death,2013-12-28 01:55:00
Manowar,machoznazaretu,2013-12-28 08:42:00
Manowar,SLivik,2013-12-28 11:36:00
Manowar,leonardo_sky,2013-12-28 14:01:00
Manowar,gabrielaiho,2013-12-28 16:03:00
Manowar,GunnerGirl96,2013-12-28 17:03:00
Manowar,ingrid-1996,2013-12-28 18:06:00
Manowar,cbarreto87,2013-12-29 13:14:00
Manowar,HellDogOnRock,2013-12-29 15:22:00
Manowar,shmatoid,2013-12-29 17:16:00
Manowar,Piske81,2013-12-29 17:42:00
Manowar,Rendal,2013-12-29 20:48:00
Manowar,VNagahori,2013-12-29 20:56:00
Manowar,FranticMetal,2013-12-29 22:23:00
Manowar,steelballs,2013-12-29 22:50:00
Manowar,Timekeeperrr,2013-12-30 11:22:00
Manowar,Matt_293,2013-12-30 16:01:00
Manowar,Abbathamus,2013-12-30 16:06:00
Manowar,Covenantt,2013-12-30 17:01:00
Manowar,commandtokil,2013-12-30 20:08:00
Manowar,JoseGomez33,2013-12-30 21:44:00
Manowar,LisuPK,2013-12-31 06:24:00
Manowar,khanmart,2013-12-31 12:28:00
Manowar,Mihaill_Iliev,2013-12-31 12:50:00
Manowar,FrozenCalzone,2013-12-31 13:14:00
Manowar,LCOllivera,2013-12-31 13:26:00
Manowar,Backflashed,2013-12-31 14:03:00
Manowar,Nandofisch,2013-12-31 15:53:00
Manowar,aliorrala18,2013-12-31 17:23:00
Manowar,drR0CK,2013-12-31 19:09:00
