M,CARLOSMACINTOSH,2013-10-10 13:57:00
Saviour Machine,moonlightshad,2013-11-21 12:59:00
Machine,forceone2008,2013-11-30 15:47:00
Saviour Machine,Jim889,2013-12-05 20:15:00
Saviour Machine,miranta8,2013-12-09 10:41:00
Saviour Machine,Creepsnight,2013-12-09 16:42:00
Saviour Machine,Gisselae,2013-12-13 19:06:00
S,monabanana,2013-12-14 01:37:00
Saviour Machine,abeliaaden,2013-12-17 15:41:00
Saviour Machine,SoulaLukic,2013-12-25 11:21:00
Saviour Machine,nickcaos,2013-12-30 01:10:00
S,YuSingular,2013-12-30 03:10:00
