Iron Maiden,rody-metal,2012-01-11 19:49:00
Iron Maiden,esp-truckster,2012-01-22 01:52:00
Iron Maiden,metal-22,2012-02-14 12:38:00
Iron Maiden,michelledh4,2012-02-21 17:23:00
Iron Maiden,Maripepper,2012-03-06 17:54:00
Iron Maiden,BooroBooro,2012-03-18 19:52:00
Iron Maiden,ufuqq,2012-03-29 12:01:00
Iron Maiden,SoyUnePerdedor,2012-04-19 19:35:00
Iron Maiden,Lordy92,2012-05-24 05:45:00
Iron Maiden,Froster16,2012-06-04 00:42:00
Iron Maiden,DashDaring,2012-06-24 09:34:00
Iron Maiden,meandmypills,2012-07-11 20:53:00
Iron Maiden,sofiamayer_,2012-07-23 00:02:00
Iron Maiden,fvlle,2012-07-25 18:41:00
Iron Maiden,miichellepm,2012-07-28 19:20:00
Iron Maiden,Morail,2012-07-31 11:49:00
Iron Maiden,gabriel_eckel,2012-08-27 12:29:00
Iron Maiden,gaiaqua,2012-09-19 11:50:00
Iron Maiden,x_SooN_x,2012-10-15 22:11:00
Iron Maiden,TheKalevala,2012-10-25 14:40:00
Iron Maiden,Punkhmusic,2012-11-01 14:48:00
Iron Maiden,Jon_Screamo,2012-11-06 00:43:00
Iron Maiden,thunderhawk619,2012-11-13 17:38:00
Iron Maiden,MadTrickster,2012-11-13 23:32:00
Iron Maiden,Coys1882,2012-11-23 14:43:00
Iron Maiden,diogogiacomini,2012-11-25 21:19:00
Iron Maiden,yiddo58,2012-12-11 12:55:00
Iron Maiden,jazzyminz,2012-12-27 00:09:00
Iron Maiden,MedleyGuitar,2013-01-09 12:35:00
Iron Maiden,Aliisoon23,2013-01-14 00:01:00
Iron Maiden,micksay,2013-01-14 14:49:00
Iron Maiden,cfhbyron666,2013-01-15 03:16:00
Iron Maiden,nilarimogard,2013-01-28 00:30:00
Iron Maiden,BonJoviRules,2013-02-07 20:14:00
Iron Maiden,freddy_cosme,2013-02-09 23:08:00
Iron Maiden,igbaria,2013-02-22 15:54:00
Iron Maiden,PatDelfanian,2013-03-07 18:42:00
Iron Maiden,Rock_and_slash,2013-03-08 19:52:00
Iron Maiden,kotic1,2013-03-18 12:04:00
Iron Maiden,imhulkomaniac,2013-03-19 14:39:00
Iron Maiden,valky_,2013-04-08 09:45:00
Iron Maiden,Maikeru86,2013-04-12 00:11:00
Iron Maiden,tredur1,2013-04-18 16:57:00
Iron Maiden,domi0808,2013-04-21 13:39:00
Iron Maiden,nalo503,2013-05-01 21:20:00
Iron Maiden,esluc,2013-05-08 21:27:00
Iron Maiden,XxAmeliexX,2013-05-13 10:09:00
Iron Maiden,saijasixx,2013-05-13 10:47:00
Iron Maiden,ChaosCalls,2013-05-15 18:34:00
Iron Maiden,wilbelison,2013-05-17 03:06:00
Iron Maiden,forenzer,2013-05-18 12:31:00
Iron Maiden,userz2k,2013-05-25 10:08:00
Iron Maiden,Tazmainian_Guru,2013-05-25 17:33:00
Iron Maiden,sibberio,2013-06-03 10:11:00
Iron Maiden,b297,2013-06-06 04:53:00
Iron Maiden,ajnachackra,2013-06-06 07:46:00
Iron Maiden,peppe68,2013-06-17 16:13:00
Iron Maiden,skyrim-666,2013-06-21 19:50:00
Iron Maiden,rmrrrrr,2013-07-03 12:56:00
Iron Maiden,Magdalenafika,2013-07-22 10:52:00
Iron Maiden,goskowa94,2013-07-23 20:56:00
Iron Maiden,7Student777,2013-07-24 08:56:00
Iron Maiden,insanewolfy,2013-07-26 03:34:00
Iron Maiden,Tyaryam,2013-07-28 10:37:00
Iron Maiden,sabretung,2013-07-31 05:41:00
Iron Maiden,Sinistron,2013-08-01 04:57:00
Iron Maiden,DrinkDaBleach,2013-08-09 23:44:00
Iron Maiden,KamalFighter,2013-08-10 20:18:00
Iron Maiden,ALOS-,2013-08-14 23:54:00
Iron Maiden,Eric_Montgomery,2013-08-16 14:04:00
Iron Maiden,Ms_Coffee,2013-08-17 16:49:00
Iron Maiden,Jimmy_Immy,2013-08-18 17:21:00
Iron Maiden,Thunder_Drako,2013-08-20 15:23:00
Iron Maiden,kolBASKOV,2013-08-22 22:32:00
Iron Maiden,rasecmh,2013-08-23 17:52:00
Iron Maiden,Sky_Henrique,2013-08-23 22:20:00
Iron Maiden,Rose_Guns_Roses,2013-08-31 10:55:00
Iron Maiden,ThaliaHenzel,2013-09-02 04:43:00
Iron Maiden,ravelslord,2013-09-17 09:22:00
Iron Maiden,OnurAliSahin,2013-09-19 17:01:00
Iron Maiden,Abriana-Rpo,2013-09-19 22:05:00
Iron Maiden,silenzioso,2013-09-20 15:39:00
Iron Maiden,ale_caro,2013-09-20 20:22:00
Iron Maiden,phreddiecadarn,2013-09-22 14:50:00
Iron Maiden,steelballs,2013-09-23 14:50:00
Iron Maiden,alan_rock,2013-09-23 19:09:00
Iron Maiden,BRaspad,2013-09-23 21:21:00
Iron Maiden,sara_ramos,2013-09-24 00:46:00
Iron Maiden,beatrizribg,2013-09-25 14:08:00
Iron Maiden,Erusenu,2013-09-26 12:06:00
Iron Maiden,amatern,2013-09-27 02:03:00
Iron Maiden,EvadedBand,2013-09-27 14:10:00
Iron Maiden,GuitarGodRocks,2013-10-03 10:49:00
Iron Maiden,powceeck,2013-10-08 20:12:00
Iron Maiden,Fabio_Orowicz,2013-10-08 20:50:00
M,CARLOSMACINTOSH,2013-10-10 13:57:00
Iron Maiden,lorryriff,2013-10-13 10:57:00
Iron Maiden,Devlinhugh,2013-10-14 08:49:00
Iron Maiden,TheKilljoy50,2013-10-14 10:54:00
Iron Maiden,Caroliinex3,2013-10-14 18:18:00
Iron Maiden,Sarkiapone,2013-10-21 20:00:00
Iron Maiden,shadowthr,2013-10-21 23:37:00
Iron Maiden,je_di,2013-10-22 04:39:00
Iron Maiden,LogicDaemon,2013-10-23 13:00:00
Iron Maiden,EloOlafek,2013-10-23 23:45:00
Iron Maiden,TommiRev,2013-10-24 03:51:00
Iron Maiden,FKNA1,2013-10-25 00:14:00
Iron Maiden,Przybysz117,2013-10-25 20:34:00
Iron Maiden,vroobell,2013-10-27 08:17:00
Iron Maiden,LadyIceQueen,2013-10-30 01:37:00
Iron Maiden,LondonBurning12,2013-11-01 19:42:00
Iron Maiden,EagleSith,2013-11-02 11:56:00
Iron Maiden,jeffncosta,2013-11-04 17:33:00
Iron Maiden,Halky,2013-11-07 16:31:00
Iron Maiden,ointment19,2013-11-08 04:29:00
Iron Maiden,hevihytonen,2013-11-09 09:45:00
Iron Maiden,PietBuseyne,2013-11-12 09:42:00
Iron Maiden,kingping,2013-11-14 16:45:00
Iron Maiden,ned1988,2013-11-17 12:59:00
Iron Maiden,jefke54,2013-11-18 19:27:00
Iron Maiden,himnodelaluna,2013-11-21 10:41:00
Iron Maiden,Higher_Ground,2013-11-21 16:18:00
Iron Maiden,edgard_augusto,2013-11-22 00:40:00
Iron Maiden,JoaoVictorMn,2013-11-22 01:09:00
Iron Maiden,KonstantinIG,2013-11-23 09:41:00
Iron Maiden,Hellorado,2013-11-23 18:20:00
Iron Maiden,Zetti,2013-11-23 22:38:00
Iron Maiden,EvilMaleKikyo,2013-11-24 03:24:00
Iron Maiden,vinfern,2013-11-26 00:32:00
Iron Maiden,magdusia93,2013-11-26 09:43:00
Iron Maiden,sleezy_rock,2013-11-28 00:46:00
Iron Maiden,accezz,2013-11-28 02:47:00
Iron Maiden,Andersonsaa,2013-11-28 03:23:00
Iron Maiden,wizbongre,2013-11-28 13:52:00
Iron Maiden,Monarque,2013-11-30 10:43:00
Iron Maiden,EvulPwn3r,2013-11-30 23:28:00
Iron Maiden,Bialy_,2013-12-01 09:28:00
Iron Maiden,vusza,2013-12-01 17:46:00
Iron Maiden,maxuarzer,2013-12-01 21:47:00
Iron Maiden,joaxazevedo,2013-12-02 14:30:00
Iron Maiden,tpeltekova,2013-12-02 19:40:00
Iron Maiden,IsaJackson,2013-12-02 22:44:00
Iron Maiden,incesticide_,2013-12-04 13:17:00
Iron Maiden,megadave70,2013-12-04 15:12:00
Iron Maiden,vinciedaltrey,2013-12-04 15:13:00
Iron Maiden,TiagoT10,2013-12-05 01:34:00
Iron Maiden,HotFrenchFry,2013-12-05 17:01:00
Iron Maiden,Jalabert02,2013-12-05 17:07:00
Iron Maiden,ingrid-1996,2013-12-06 07:05:00
Iron Maiden,augustosperfeld,2013-12-06 14:01:00
Iron Maiden,lauraonisto,2013-12-06 15:59:00
Iron Maiden,JonnaSoturi,2013-12-06 16:36:00
Iron Maiden,Siouxsie21,2013-12-06 23:18:00
Iron Maiden,cassi_d,2013-12-07 13:26:00
Iron Maiden,addictiondiary,2013-12-07 13:52:00
I,Guldurs,2013-12-07 23:18:00
Iron Maiden,Lufenuara,2013-12-08 01:09:00
Iron Maiden,gonb1987,2013-12-08 17:16:00
Iron Maiden,GtAkReYz,2013-12-09 19:43:00
Iron Maiden,FocusAnima,2013-12-10 04:22:00
Iron Maiden,danlinke,2013-12-10 14:13:00
Iron Maiden,DarkPassion_,2013-12-10 14:21:00
Iron Maiden,tkm-i,2013-12-10 16:07:00
Iron Maiden,rzc42,2013-12-10 19:26:00
Iron Maiden,AlexxeKristina,2013-12-10 23:57:00
Iron Maiden,Tierres,2013-12-11 14:47:00
Iron Maiden,Nypel,2013-12-12 06:53:00
Iron Maiden,zicci,2013-12-12 12:28:00
I,corpsedolls,2013-12-12 12:30:00
Iron Maiden,T-Storm,2013-12-12 22:20:00
Iron Maiden,InterNey,2013-12-13 09:08:00
I,scottwajerski,2013-12-13 17:31:00
Iron Maiden,None-So-Vile,2013-12-13 20:11:00
Iron Maiden,aquivaldo,2013-12-13 20:34:00
Iron Maiden,WyldeA7X,2013-12-13 23:38:00
Iron Maiden,juanbiohazard,2013-12-14 02:48:00
Iron Maiden,hiro2000GT,2013-12-14 09:39:00
Iron Maiden,Safwantheripper,2013-12-14 13:00:00
Iron Maiden,Krakow1994,2013-12-14 21:48:00
Iron Maiden,IAmTheTable666,2013-12-15 00:01:00
Iron Maiden,MrSweetIM,2013-12-15 08:42:00
Iron Maiden,jet80,2013-12-15 17:25:00
Iron Maiden,linekerpontes,2013-12-16 00:28:00
Iron Maiden,Zwaarmetaal,2013-12-16 04:44:00
Iron Maiden,SilvioAugusto,2013-12-16 13:22:00
Iron Maiden,JevdjaVrag,2013-12-16 22:13:00
Iron Maiden,ijoxley,2013-12-17 08:28:00
Iron Maiden,Arpenthaty,2013-12-17 09:12:00
Iron Maiden,SSavva,2013-12-17 11:43:00
Iron Maiden,songsaboutme,2013-12-17 12:11:00
Iron Maiden,dazza333,2013-12-17 15:52:00
Iron Maiden,jbpuertam2,2013-12-17 17:16:00
Iron Maiden,nathmaiden,2013-12-17 19:28:00
Iron Maiden,Jubis_purple,2013-12-17 20:15:00
Iron Maiden,IngoEmir,2013-12-17 21:23:00
Iron Maiden,Funkafonik,2013-12-17 22:43:00
Iron Maiden,leanrtospeel,2013-12-18 01:15:00
Iron Maiden,manuellachagas,2013-12-18 10:49:00
Iron Maiden,XenoAngel,2013-12-18 12:46:00
Iron Maiden,navypink,2013-12-18 16:18:00
Iron Maiden,eltanque25,2013-12-18 20:37:00
Iron Maiden,Papillon__,2013-12-18 20:41:00
Iron Maiden,hardxpurple,2013-12-19 00:59:00
Iron Maiden,Iqbal_Madjid,2013-12-19 05:55:00
Iron Maiden,metalhama,2013-12-19 13:06:00
Iron Maiden,Daniel_Death,2013-12-19 16:35:00
Iron Maiden,Carlosluciano1,2013-12-19 20:38:00
Iron Maiden,TSixx,2013-12-19 22:32:00
Iron Maiden,mamezo2006,2013-12-20 05:55:00
I,Sinistron,2013-12-20 06:16:00
Iron Maiden,judythia,2013-12-20 07:49:00
Iron Maiden,Veinrot,2013-12-20 07:57:00
Iron Maiden,alejomontero,2013-12-20 15:55:00
Iron Maiden,Kimerio,2013-12-20 17:13:00
Iron Maiden,andrescrispin,2013-12-20 17:35:00
Iron Maiden,Darijuszz,2013-12-20 19:39:00
Iron Maiden,AbSurDMaN_,2013-12-20 19:54:00
Iron Maiden,Lemmy1311,2013-12-21 10:22:00
Iron Maiden,Zax0r,2013-12-21 13:26:00
Iron Maiden,Morkervasen,2013-12-21 14:27:00
Iron Maiden,cherry-pie-,2013-12-21 18:00:00
Iron Maiden,Pirre73,2013-12-21 19:29:00
I,pink_noize,2013-12-21 20:36:00
Iron Maiden,ailanda,2013-12-22 00:35:00
Iron Maiden,WhatTheSnarf,2013-12-22 03:51:00
Iron Maiden,panos870,2013-12-22 11:23:00
Iron Maiden,Maiden_Man,2013-12-22 20:46:00
Iron Maiden,chmedina,2013-12-22 21:48:00
Iron Maiden,Frau_Hobbit,2013-12-22 22:32:00
Iron Maiden,Eliallday,2013-12-23 03:22:00
Iron Maiden,whtrice99,2013-12-23 04:28:00
Iron Maiden,n3l1t4,2013-12-23 06:01:00
Iron Maiden,haveanicetrip,2013-12-23 12:07:00
Iron Maiden,Pandasticus,2013-12-23 12:57:00
Iron Maiden,Hour_of_Chaos,2013-12-23 13:43:00
Iron Maiden,alexis85210,2013-12-23 15:17:00
Iron Maiden,heavy_thrasher,2013-12-23 15:17:00
Iron Maiden,ThyagoMarques_,2013-12-23 17:07:00
Iron Maiden,ClarissaGomes,2013-12-23 17:23:00
Iron Maiden,ReneGWH,2013-12-23 19:10:00
Iron Maiden,Hamok_Overdose,2013-12-23 19:54:00
Iron Maiden,METALMASTIL,2013-12-23 20:47:00
Iron Maiden,ZakiJustice,2013-12-23 21:05:00
Iron Maiden,ericshep,2013-12-24 00:49:00
Iron Maiden,Pepexepex,2013-12-24 02:52:00
Iron Maiden,gongasf,2013-12-24 07:13:00
Iron Maiden,manu666,2013-12-24 10:36:00
Iron Maiden,Kreaexo,2013-12-24 12:25:00
Iron Maiden,MetalRock1989,2013-12-24 18:06:00
Iron Maiden,niia_silveira,2013-12-24 21:21:00
Iron Maiden,Lgk94,2013-12-24 21:27:00
Iron Maiden,Moshpirit,2013-12-24 23:31:00
Iron Maiden,maarcoagg,2013-12-25 00:55:00
Iron Maiden,BakirovArsen,2013-12-25 08:32:00
Iron Maiden,erlioth,2013-12-25 11:12:00
Iron Maiden,Templar-,2013-12-25 15:40:00
Iron Maiden,fairyandboots,2013-12-25 15:44:00
Iron Maiden,Maulin666,2013-12-25 17:32:00
Iron Maiden,Electrocutat,2013-12-25 17:38:00
Iron Maiden,spiderferi,2013-12-25 17:40:00
Iron Maiden,Fusel76,2013-12-25 18:53:00
Iron Maiden,darksonix,2013-12-25 19:24:00
Iron Maiden,TheLionzHeart1,2013-12-25 21:16:00
Iron Maiden,beckisdreamer,2013-12-25 21:46:00
Iron Maiden,futureblade,2013-12-25 23:18:00
Iron Maiden,abreumubarac,2013-12-26 07:53:00
Iron Maiden,mefisto93,2013-12-26 09:28:00
Iron Maiden,Henriquecsl,2013-12-26 10:19:00
Iron Maiden,Chifo88,2013-12-26 12:26:00
Iron Maiden,Grimbeorn,2013-12-26 13:02:00
Iron Maiden,lvloon,2013-12-26 14:01:00
Iron Maiden,filipmurray,2013-12-26 14:09:00
Iron Maiden,Andimainz,2013-12-26 14:51:00
Iron Maiden,Superlead777,2013-12-26 16:55:00
Iron Maiden,willrock07,2013-12-26 17:05:00
Iron Maiden,Disphobia,2013-12-26 17:26:00
Iron Maiden,Hermes3megisto,2013-12-26 17:41:00
Iron Maiden,grimmjowwill,2013-12-26 20:27:00
Iron Maiden,unforgivenheat,2013-12-26 20:41:00
Iron Maiden,NLMenke,2013-12-26 21:49:00
Iron Maiden,JosephMars,2013-12-26 22:20:00
Iron Maiden,Hugox_,2013-12-26 22:50:00
Iron Maiden,diegocevallosn,2013-12-26 23:37:00
Iron Maiden,hellion6873,2013-12-27 00:55:00
Iron Maiden,Nerdenberg,2013-12-27 02:09:00
Iron Maiden,emg81rick,2013-12-27 03:08:00
Iron Maiden,caroogg,2013-12-27 03:53:00
Iron Maiden,Anneengel13,2013-12-27 05:59:00
Iron Maiden,exodas,2013-12-27 09:14:00
Iron Maiden,derya-ran,2013-12-27 09:18:00
Iron Maiden,ozguronce,2013-12-27 09:37:00
Iron Maiden,junkie815,2013-12-27 09:55:00
Iron Maiden,Mihaill_Iliev,2013-12-27 17:49:00
Iron Maiden,Thiago_Ramos_,2013-12-27 19:28:00
Iron Maiden,DonSlon,2013-12-27 19:48:00
Iron Maiden,belarmino,2013-12-27 21:17:00
Iron Maiden,Flavio_S,2013-12-27 22:35:00
Iron Maiden,EvilClown13,2013-12-28 00:00:00
Iron Maiden,FjordSweetFjord,2013-12-28 00:53:00
Iron Maiden,Clive91,2013-12-28 01:04:00
Iron Maiden,ElGallo666,2013-12-28 01:47:00
Iron Maiden,bigben989,2013-12-28 01:48:00
Iron Maiden,ojdean,2013-12-28 02:25:00
Iron Maiden,drvirtuozov,2013-12-28 04:46:00
Iron Maiden,machoznazaretu,2013-12-28 08:15:00
Iron Maiden,KelvinFierkens,2013-12-28 11:20:00
Iron Maiden,SLivik,2013-12-28 11:44:00
Iron Maiden,shmatoid,2013-12-28 12:21:00
Iron Maiden,eWarning,2013-12-28 12:52:00
Iron Maiden,HellDogOnRock,2013-12-28 13:21:00
Iron Maiden,Abbathamus,2013-12-28 13:44:00
Iron Maiden,renanlopes1,2013-12-28 14:04:00
Iron Maiden,DevilDave59,2013-12-28 16:30:00
Iron Maiden,mohsenna,2013-12-28 17:02:00
Iron Maiden,gaetanwr,2013-12-28 23:13:00
Iron Maiden,lucasmedina16,2013-12-29 01:34:00
Iron Maiden,KurushIshraqi,2013-12-29 03:26:00
Iron Maiden,vinicius_8,2013-12-29 03:48:00
Iron Maiden,Hafez_KH,2013-12-29 04:27:00
Iron Maiden,Piske81,2013-12-29 04:43:00
Iron Maiden,tallesavenged,2013-12-29 05:11:00
Iron Maiden,Eisenheim68,2013-12-29 05:32:00
Iron Maiden,Covenantt,2013-12-29 08:19:00
Iron Maiden,AndrewCRome,2013-12-29 08:38:00
Iron Maiden,GunnerGirl96,2013-12-29 09:59:00
Iron Maiden,Jack1173,2013-12-29 12:55:00
Iron Maiden,MatheusSampaioR,2013-12-29 14:11:00
Iron Maiden,cbarreto87,2013-12-29 15:26:00
Iron Maiden,Kreisecke,2013-12-29 15:30:00
Iron Maiden,HertonPS,2013-12-29 15:33:00
Iron Maiden,Unforgiven1991,2013-12-29 16:03:00
Iron Maiden,sleeping_witch,2013-12-29 16:15:00
Iron Maiden,Timekeeperrr,2013-12-29 19:54:00
Iron Maiden,DazDrummer,2013-12-29 21:04:00
Iron Maiden,LucasGCassol,2013-12-29 21:06:00
Iron Maiden,mariaMMmary,2013-12-29 21:08:00
Iron Maiden,fl0renccia,2013-12-29 21:21:00
Iron Maiden,Matt_293,2013-12-29 21:27:00
Iron Maiden,Sharp-Ton,2013-12-29 21:38:00
Iron Maiden,Robert161989,2013-12-29 21:39:00
Iron Maiden,FranticMetal,2013-12-29 23:18:00
Iron Maiden,molloyloy,2013-12-29 23:52:00
I,Mr-Tinkertrain-,2013-12-30 01:27:00
Iron Maiden,kiha45,2013-12-30 01:48:00
Iron Maiden,BurnInMetal,2013-12-30 03:48:00
Iron Maiden,Badazzzz13,2013-12-30 04:29:00
Iron Maiden,Frydendahl,2013-12-30 07:36:00
Iron Maiden,Mike_SCR,2013-12-30 09:52:00
Iron Maiden,Vvronth,2013-12-30 10:26:00
Iron Maiden,Sally_xyz,2013-12-30 10:46:00
Iron Maiden,necrowarmaster,2013-12-30 11:16:00
Iron Maiden,leo6669,2013-12-30 11:25:00
Iron Maiden,HoboChris1,2013-12-30 11:46:00
Iron Maiden,kalamees100,2013-12-30 11:48:00
Iron Maiden,khanmart,2013-12-30 12:08:00
Iron Maiden,Radlakowa,2013-12-30 12:53:00
Iron Maiden,blitox,2013-12-30 12:55:00
I,sahhmartins,2013-12-30 13:53:00
Iron Maiden,Peti14,2013-12-30 15:18:00
Iron Maiden,houssam_oussama,2013-12-30 15:34:00
Iron Maiden,AORocker,2013-12-30 16:58:00
Iron Maiden,LCOllivera,2013-12-30 17:41:00
Iron Maiden,JoseGomez33,2013-12-30 19:55:00
Iron Maiden,metalkillthekin,2013-12-30 20:05:00
Iron Maiden,minimainimo,2013-12-30 20:10:00
Iron Maiden,roalt,2013-12-30 20:36:00
Iron Maiden,SickParanoir,2013-12-30 20:41:00
Iron Maiden,HarleyMax,2013-12-30 21:04:00
Iron Maiden,vieirametalh,2013-12-30 21:21:00
Iron Maiden,Raphael_Manson,2013-12-30 22:17:00
Iron Maiden,BeIieve,2013-12-30 23:02:00
Iron Maiden,PauloLima1996,2013-12-30 23:08:00
Iron Maiden,nrios2207,2013-12-30 23:54:00
Iron Maiden,juunnyn,2013-12-31 00:05:00
Iron Maiden,VNagahori,2013-12-31 00:14:00
Iron Maiden,andersabbath,2013-12-31 00:32:00
Iron Maiden,DouglasLessa,2013-12-31 00:47:00
Iron Maiden,IncaWazoo,2013-12-31 02:44:00
Iron Maiden,HadesForce,2013-12-31 08:16:00
Iron Maiden,Nbsno4,2013-12-31 09:18:00
Iron Maiden,BeyondTheHorror,2013-12-31 14:02:00
Iron Maiden,PatkaNYC,2013-12-31 14:07:00
Iron Maiden,Tafefobia,2013-12-31 14:15:00
Iron Maiden,ItsmeChrissi,2013-12-31 14:41:00
Iron Maiden,SM1L3R,2013-12-31 14:45:00
Iron Maiden,SoftcorePunk,2013-12-31 15:39:00
Iron Maiden,Fortiske,2013-12-31 15:49:00
Iron Maiden,MarceloGNR17,2013-12-31 15:58:00
Iron Maiden,VikingOfAsgaard,2013-12-31 18:43:00
Iron Maiden,dakatapetrov,2013-12-31 20:02:00
Iron Maiden,Satrianico,2013-12-31 20:13:00
Iron Maiden,YunaYuneta,2013-12-31 20:19:00
Iron Maiden,amang0,2013-12-31 20:49:00
Iron Maiden,Ivnmetallica,2013-12-31 22:02:00
Iron Maiden,MetalN3rd,2013-12-31 22:10:00
Iron Maiden,ymccandido,2013-12-31 22:14:00
Iron Maiden,brizz89,2013-12-31 22:26:00
