Skid Row,drikazeppelin,2012-01-07 15:45:00
Skid Row,Helldarodo,2012-04-11 21:05:00
Skid Row,Persler,2012-06-30 06:49:00
Skid Row,LydiaHudson,2012-07-07 01:06:00
Skid Row,Jeanzinho91,2012-07-07 16:24:00
Skid Row,miichellepm,2012-08-08 22:25:00
Skid Row,Punkhmusic,2012-11-01 09:34:00
Skid Row,Jon_Screamo,2012-11-06 15:58:00
Skid Row,DanielZebrastic,2012-11-08 02:32:00
Skid Row,Crucible,2012-11-30 22:18:00
Skid Row,yiddo58,2012-12-11 11:16:00
Skid Row,SCORBON000,2012-12-31 17:07:00
Skid Row,jazzyminz,2013-01-04 20:19:00
Skid Row,cfhbyron666,2013-01-09 01:42:00
Skid Row,MedleyGuitar,2013-01-09 13:46:00
Skid Row,ule_b,2013-01-12 16:52:00
Skid Row,LedZeppIV,2013-01-20 16:53:00
Skid Row,Bru,2013-02-08 14:27:00
Skid Row,Rock_and_slash,2013-02-26 20:47:00
Skid Row,holler1012,2013-03-10 07:05:00
Skid Row,valky_,2013-04-08 05:32:00
Skid Row,DJMattVenon,2013-04-12 22:53:00
Skid Row,letcsv,2013-04-24 19:01:00
Skid Row,Jane_Hunter,2013-04-26 20:38:00
Skid Row,saijasixx,2013-05-31 05:32:00
Skid Row,AkemiKaio,2013-06-07 16:45:00
Skid Row,MrsFernanda,2013-07-08 15:25:00
Skid Row,JonnaSoturi,2013-07-13 20:33:00
Skid Row,EmelyxD,2013-07-21 13:55:00
Skid Row,goskowa94,2013-07-25 13:58:00
Skid Row,Rose_Guns_Roses,2013-08-04 13:44:00
Skid Row,Prtavka,2013-08-09 11:26:00
Skid Row,KamalFighter,2013-08-10 21:15:00
Skid Row,CptLatz,2013-08-14 15:13:00
Skid Row,ALOS-,2013-08-14 23:27:00
Skid Row,remedous,2013-08-18 06:59:00
Skid Row,bdpd,2013-08-19 10:22:00
Skid Row,Thunder_Drako,2013-08-23 15:23:00
Skid Row,Jimmy_Immy,2013-09-08 17:05:00
Skid Row,mrk79uk,2013-09-09 19:48:00
Skid Row,shirugaron,2013-09-15 02:49:00
Skid Row,AshDHart,2013-09-28 21:21:00
Skid Row,k_yoMetal,2013-10-01 02:39:00
Skid Row,silenzioso,2013-10-12 00:22:00
Skid Row,Tom-Knowles,2013-10-28 10:09:00
Skid Row,LogicDaemon,2013-10-31 09:11:00
Skid Row,eddthedock,2013-11-08 14:46:00
Skid Row,hevihytonen,2013-11-09 09:51:00
Skid Row,daddydan360,2013-11-10 03:58:00
Skid Row,PietBuseyne,2013-11-12 10:10:00
Skid Row,lorenzog,2013-11-18 10:10:00
Skid Row,thegr8t1,2013-11-19 17:04:00
Skid Row,Higher_Ground,2013-11-21 18:00:00
Skid Row,aaadka,2013-11-23 18:32:00
Skid Row,electra-savage,2013-11-27 17:10:00
Skid Row,cassi_d,2013-12-01 16:10:00
Skid Row,Papillon__,2013-12-01 16:48:00
Skid Row,Rogerio_Junior,2013-12-01 20:17:00
Skid Row,FernandaCoradin,2013-12-02 01:20:00
Skid Row,Teufelsweib93,2013-12-03 05:38:00
Skid Row,XiLaii,2013-12-05 21:25:00
Skid Row,Dienys,2013-12-06 03:45:00
Skid Row,MaggiePN,2013-12-08 10:10:00
Skid Row,vinciedaltrey,2013-12-09 13:52:00
Skid Row,kotic1,2013-12-09 17:36:00
Skid Row,megadave70,2013-12-09 20:01:00
Skid Row,zicci,2013-12-10 18:38:00
Skid Row,Tierres,2013-12-11 13:20:00
Skid Row,divianb,2013-12-11 14:33:00
Skid Row,giggleloop1,2013-12-11 20:16:00
Skid Row,BabeCaffeine,2013-12-12 17:10:00
Skid Row,aquivaldo,2013-12-13 23:58:00
S,monabanana,2013-12-14 01:37:00
Skid Row,IAmTheTable666,2013-12-14 23:57:00
Skid Row,VianONE,2013-12-15 21:23:00
Skid Row,RafaelaCamposs,2013-12-17 02:12:00
Skid Row,raquel279,2013-12-17 15:10:00
Skid Row,T-Storm,2013-12-17 16:59:00
Skid Row,beckisdreamer,2013-12-17 21:43:00
Skid Row,Blamerocknroll,2013-12-18 05:37:00
Skid Row,camilatangerine,2013-12-18 09:53:00
Skid Row,jovelar,2013-12-18 11:53:00
Skid Row,AbSurDMaN_,2013-12-18 23:39:00
Skid Row,BibsLima,2013-12-19 15:43:00
Skid Row,Sliron,2013-12-20 19:55:00
Skid Row,addictiondiary,2013-12-21 13:41:00
Skid Row,alexis85210,2013-12-21 22:17:00
Skid Row,cynsalgado,2013-12-22 01:25:00
Skid Row,LuckyMarlonxdd,2013-12-22 06:50:00
Skid Row,Chifo88,2013-12-22 11:55:00
Skid Row,chmedina,2013-12-22 22:16:00
Skid Row,Kimerio,2013-12-23 11:17:00
Skid Row,Hamok_Overdose,2013-12-23 13:55:00
Skid Row,lobotomiatbm,2013-12-23 17:09:00
Skid Row,ClarissaGomes,2013-12-23 17:43:00
Skid Row,KonstantinIG,2013-12-24 15:05:00
Skid Row,iBelle,2013-12-24 21:10:00
Skid Row,Eric_Montgomery,2013-12-25 05:10:00
Skid Row,XxAmeliexX,2013-12-25 06:00:00
Skid Row,HellDogOnRock,2013-12-25 12:36:00
Skid Row,AdamFirst,2013-12-25 14:46:00
Skid Row,Carlosluciano1,2013-12-25 16:08:00
Skid Row,Templar-,2013-12-25 17:00:00
Skid Row,MrSweetIM,2013-12-25 22:40:00
Skid Row,futureblade,2013-12-26 00:34:00
Skid Row,daycavalcante,2013-12-26 12:48:00
Skid Row,khanmart,2013-12-26 13:34:00
Skid Row,machoznazaretu,2013-12-26 20:53:00
Skid Row,Juliene-e,2013-12-26 21:56:00
Skid Row,beatrizribg,2013-12-27 00:46:00
Skid Row,kenmare96,2013-12-27 10:23:00
Skid Row,Van_Wolfing,2013-12-27 10:28:00
Skid Row,cherry-pie-,2013-12-27 16:39:00
Skid Row,McBay,2013-12-28 03:13:00
Skid Row,Pumpkinforce,2013-12-28 06:40:00
Skid Row,babyist,2013-12-28 11:04:00
Skid Row,KelvinFierkens,2013-12-28 15:48:00
Skid Row,OnurAliSahin,2013-12-28 19:19:00
Skid Row,renanlopes1,2013-12-28 19:48:00
Skid Row,Acid_Hell,2013-12-28 19:57:00
Skid Row,FranticMetal,2013-12-28 20:59:00
Skid Row,socratesplanet,2013-12-28 21:41:00
Skid Row,gaetanwr,2013-12-28 22:11:00
Skid Row,marathorn,2013-12-28 23:42:00
Skid Row,tallesavenged,2013-12-29 05:35:00
Skid Row,Rockation,2013-12-29 11:16:00
Skid Row,NikkiLima,2013-12-29 12:42:00
Skid Row,Toad_Nation,2013-12-29 14:48:00
Skid Row,Raphael_Manson,2013-12-29 15:05:00
Skid Row,mariaMMmary,2013-12-29 21:00:00
Skid Row,Woodstock-Lover,2013-12-29 21:20:00
Skid Row,Mr-Tinkertrain-,2013-12-29 21:24:00
Skid Row,Robert161989,2013-12-29 21:55:00
S,YuSingular,2013-12-30 03:10:00
Skid Row,NargaCuuga,2013-12-30 13:44:00
Skid Row,Maulin666,2013-12-30 17:17:00
Skid Row,Nasheta,2013-12-30 18:55:00
Skid Row,MetalN3rd,2013-12-30 23:29:00
Skid Row,Huetensil,2013-12-31 00:51:00
Skid Row,HarleyMax,2013-12-31 02:28:00
Skid Row,Frank_Rocker,2013-12-31 02:55:00
Skid Row,ffffcrazy,2013-12-31 03:26:00
Skid Row,KrystalKyle89,2013-12-31 04:11:00
Skid Row,mikazuki66,2013-12-31 05:22:00
Skid Row,quintes-sence,2013-12-31 13:41:00
Skid Row,purerockradio,2013-12-31 14:57:00
Skid Row,diggasasa,2013-12-31 14:58:00
Skid Row,MarceloGNR17,2013-12-31 15:54:00
Skid Row,Duffella,2013-12-31 16:49:00
Skid Row,Matheus_Manfred,2013-12-31 16:53:00
Skid Row,Steely_Rain,2013-12-31 17:05:00
Skid Row,Tafefobia,2013-12-31 17:39:00
Skid Row,Matt_293,2013-12-31 19:59:00
