Kiss,drikazeppelin,2012-01-08 20:29:00
Kiss,gashan,2012-01-10 00:11:00
Kiss,marina_botelho,2012-01-26 20:22:00
Kiss,JACK_1971,2012-01-29 13:10:00
Kiss,Maripepper,2012-03-08 17:54:00
Kiss,Northern_wind1,2012-03-20 19:48:00
Kiss,mateusamlr,2012-06-10 02:56:00
Kiss,cafulcura,2012-06-11 00:42:00
Kiss,Froster16,2012-06-11 20:27:00
Kiss,LydiaHudson,2012-07-07 02:20:00
Kiss,michelledh4,2012-07-21 15:06:00
Kiss,SIBLY,2012-08-12 11:27:00
Kiss,darfsixx,2012-09-11 19:29:00
Kiss,justi85,2012-09-18 20:34:00
Kiss,dr0p__dead,2012-10-04 15:57:00
Kiss,x_SooN_x,2012-10-15 22:45:00
Kiss,Punkhmusic,2012-11-01 11:25:00
Kiss,Paedu,2012-11-02 18:38:00
Kiss,tonyblass,2012-11-02 21:00:00
Kiss,Jesse-Jess,2012-11-07 16:07:00
Kiss,DanielZebrastic,2012-11-10 00:47:00
Kiss,yiddo58,2012-11-11 01:38:00
Kiss,GustavohI,2012-11-16 02:35:00
Kiss,Motley_Crued,2012-11-28 12:45:00
Kiss,Dissembler,2012-12-15 22:20:00
Kiss,ule_b,2012-12-28 12:33:00
Kiss,ViaMoonlight,2013-01-05 22:18:00
Kiss,joseloc,2013-01-08 14:39:00
Kiss,cfhbyron666,2013-01-14 19:27:00
Kiss,Motorfish,2013-01-18 01:46:00
Kiss,freddy_cosme,2013-02-03 15:24:00
Kiss,meakin212,2013-02-04 16:37:00
Kiss,xpectrofm,2013-02-23 16:35:00
Kiss,AlexandraFaith,2013-02-25 10:10:00
Kiss,Rock_and_slash,2013-03-04 20:20:00
Kiss,holler1012,2013-03-10 07:38:00
Kiss,Yago100,2013-04-12 07:16:00
Kiss,blackthunder66,2013-04-21 10:42:00
Kiss,DJMattVenon,2013-04-22 17:39:00
Kiss,hollyheer,2013-04-25 15:25:00
Kiss,ChaosCalls,2013-05-15 18:26:00
Kiss,saijasixx,2013-05-16 05:35:00
Kiss,Anne5419,2013-05-16 20:00:00
Kiss,lordzarcon,2013-05-20 12:36:00
Kiss,SzymekA666,2013-05-28 07:48:00
Kiss,blood-hunger,2013-06-01 03:59:00
Kiss,Prtavka,2013-06-21 20:14:00
Kiss,EksDe,2013-06-29 15:30:00
Kiss,music-offshore,2013-07-10 08:13:00
Kiss,Eric_Montgomery,2013-07-12 01:44:00
Kiss,CptLatz,2013-07-17 18:41:00
Kiss,goskowa94,2013-07-23 21:30:00
Kiss,AshDHart,2013-07-28 09:55:00
Kiss,sasa812,2013-08-03 04:31:00
Kiss,KamalFighter,2013-08-10 20:07:00
Kiss,deborapescador,2013-08-16 04:56:00
Kiss,Thunder_Drako,2013-08-18 10:34:00
Kiss,Abriana-Rpo,2013-08-21 16:39:00
Kiss,Jimmy_Immy,2013-08-24 17:05:00
Kiss,vusza,2013-08-29 18:11:00
Kiss,MrMightyPlow,2013-09-03 06:49:00
Kiss,kanarekdriver,2013-09-24 19:34:00
Kiss,sara_ramos,2013-09-24 22:30:00
Kiss,k_yoMetal,2013-10-01 02:44:00
Kiss,Kata_na,2013-10-02 05:58:00
Kiss,FKNA1,2013-10-06 23:56:00
Kiss,silenzioso,2013-10-12 00:20:00
Kiss,GuitarGodRocks,2013-10-14 01:06:00
Kiss,Caroliinex3,2013-10-14 20:48:00
Kiss,Andersonsaa,2013-10-15 06:32:00
Kiss,gertski,2013-10-16 15:26:00
Kiss,belenshiz,2013-10-17 16:50:00
Kiss,mrk79uk,2013-10-24 18:37:00
K,EloOlafek,2013-10-26 02:00:00
Kiss,TheKilljoy50,2013-10-27 10:50:00
Kiss,Tom-Knowles,2013-10-28 09:02:00
Kiss,LukiinhaKnight,2013-11-05 03:50:00
Kiss,MurilohOliveira,2013-11-08 01:06:00
Kiss,deathcarolyn,2013-11-08 17:41:00
Kiss,websnackerblog,2013-11-09 08:33:00
Kiss,hevihytonen,2013-11-11 18:56:00
Kiss,PietBuseyne,2013-11-12 08:57:00
Kiss,daycavalcante,2013-11-15 10:38:00
Kiss,LizzSeed,2013-11-17 03:24:00
Kiss,afr0polak,2013-11-18 15:01:00
Kiss,kotic1,2013-11-19 04:23:00
Kiss,Andriia,2013-11-22 18:46:00
Kiss,aaadka,2013-11-23 22:46:00
Kiss,electra-savage,2013-11-27 17:58:00
Kiss,KonstantinIG,2013-11-27 18:58:00
Kiss,VanHalen117,2013-11-29 17:06:00
Kiss,xxxvanessaxx,2013-11-29 21:42:00
Kiss,vinfern,2013-11-29 21:48:00
Kiss,Drillertheband,2013-11-30 10:44:00
Kiss,Rogerio_Junior,2013-12-02 20:04:00
Kiss,rzc42,2013-12-03 11:14:00
Kiss,biancacegolin,2013-12-04 12:41:00
Kiss,Jalabert02,2013-12-05 17:04:00
Kiss,katieann85,2013-12-05 23:33:00
Kiss,axe72bcn,2013-12-06 08:26:00
Kiss,cassi_d,2013-12-07 14:04:00
Kiss,LittleEDaOracle,2013-12-08 13:59:00
Kiss,Toad_Nation,2013-12-09 01:55:00
Kiss,raquel279,2013-12-09 19:44:00
Kiss,Hellorado,2013-12-10 13:25:00
Kiss,MaggiePN,2013-12-11 11:39:00
Kiss,zicci,2013-12-11 18:40:00
Kiss,willrpsilva,2013-12-12 10:49:00
Kiss,T-Storm,2013-12-12 21:00:00
Kiss,vinciedaltrey,2013-12-14 00:30:00
Kiss,lenasweet,2013-12-14 23:11:00
Kiss,useless_man,2013-12-15 17:13:00
Kiss,claudiasilverbe,2013-12-15 21:55:00
Kiss,leanrtospeel,2013-12-15 22:41:00
Kiss,ointment19,2013-12-16 03:58:00
Kiss,DarkPassion_,2013-12-16 12:58:00
Kiss,renanlopes1,2013-12-16 17:40:00
Kiss,Nerdenberg,2013-12-17 11:26:00
Kiss,TheConfuzed1,2013-12-17 18:44:00
Kiss,AquizaSouza,2013-12-18 08:21:00
Kiss,Zax0r,2013-12-18 16:33:00
Kiss,sandratylerr,2013-12-18 19:07:00
Kiss,AlfieMercury,2013-12-19 08:44:00
Kiss,nouhailler,2013-12-19 14:20:00
Kiss,RafaelaCamposs,2013-12-20 03:52:00
Kiss,MrSweetIM,2013-12-20 14:00:00
Kiss,chmedina,2013-12-20 16:21:00
Kiss,andersabbath,2013-12-21 02:32:00
Kiss,EternalPrisoner,2013-12-21 08:10:00
Kiss,ericshep,2013-12-21 10:45:00
Kiss,Lufenuara,2013-12-21 12:23:00
Kiss,leozim1205,2013-12-22 12:19:00
Kiss,Kualkua,2013-12-22 16:57:00
Kiss,Joao_Frehley,2013-12-23 03:29:00
Kiss,raestipated,2013-12-23 12:37:00
Kiss,dirtywhore_,2013-12-23 19:05:00
Kiss,Templar-,2013-12-23 19:41:00
Kiss,Lemmy1311,2013-12-23 19:52:00
Kiss,Chifo88,2013-12-24 10:38:00
Kiss,Fortiske,2013-12-24 12:52:00
Kiss,stevegriffdtcom,2013-12-24 14:29:00
Kiss,PauloCapanema,2013-12-24 20:06:00
Kiss,Sondye13,2013-12-25 04:48:00
Kiss,mamezo2006,2013-12-25 13:30:00
Kiss,beckisdreamer,2013-12-25 21:43:00
Kiss,ned1988,2013-12-26 02:15:00
Kiss,Fusel76,2013-12-26 02:18:00
Kiss,darksonix,2013-12-26 10:14:00
Kiss,CryForTheWeeper,2013-12-26 11:13:00
Kiss,letsfucktonight,2013-12-26 16:12:00
Kiss,broken_angel08,2013-12-26 18:17:00
Kiss,JessyViking,2013-12-26 20:06:00
Kiss,kalamees100,2013-12-26 23:29:00
Kiss,danrleidis,2013-12-27 00:16:00
Kiss,CarolinaMMorais,2013-12-27 01:37:00
Kiss,DouglasHHH1,2013-12-27 03:09:00
Kiss,futureblade,2013-12-27 13:51:00
Kiss,Kfiriboy,2013-12-27 15:11:00
Kiss,AbSurDMaN_,2013-12-27 16:45:00
Kiss,bakoOoma,2013-12-27 17:15:00
Kiss,guilherme10005,2013-12-27 18:04:00
Kiss,hellion6873,2013-12-27 19:14:00
Kiss,fairyandboots,2013-12-27 21:24:00
Kiss,TSixx,2013-12-27 23:14:00
Kiss,Edd_10,2013-12-28 02:20:00
Kiss,anapauladmelo,2013-12-28 04:05:00
Kiss,TakeItSleezy,2013-12-28 07:35:00
Kiss,ozguronce,2013-12-28 07:37:00
Kiss,KelvinFierkens,2013-12-28 11:05:00
Kiss,aguerra,2013-12-28 11:49:00
Kiss,FreakGER,2013-12-28 11:53:00
Kiss,Mihaill_Iliev,2013-12-28 13:21:00
Kiss,Sally_xyz,2013-12-28 14:01:00
Kiss,Steely_Rain,2013-12-28 16:13:00
Kiss,HertonPS,2013-12-28 16:36:00
Kiss,v_richardt,2013-12-28 17:58:00
Kiss,machoznazaretu,2013-12-28 18:04:00
Kiss,gaetanwr,2013-12-28 23:18:00
Kiss,GrilloRock,2013-12-29 01:10:00
Kiss,mvldk666,2013-12-29 09:29:00
Kiss,OnkelKurt,2013-12-29 10:31:00
Kiss,Jack1173,2013-12-29 11:55:00
Kiss,Lith666,2013-12-29 13:20:00
Kiss,GjanosikkkG,2013-12-29 14:04:00
Kiss,sanderlamb,2013-12-29 15:16:00
Kiss,dream_warrior4,2013-12-29 15:22:00
Kiss,RockSandy,2013-12-29 15:46:00
Kiss,vinicius_8,2013-12-29 16:15:00
Kiss,cbarreto87,2013-12-29 16:50:00
Kiss,BaristaExpress,2013-12-29 20:42:00
Kiss,strongagain,2013-12-29 21:49:00
Kiss,Hafez_KH,2013-12-29 21:52:00
Kiss,FranticMetal,2013-12-29 22:38:00
Kiss,Andimainz,2013-12-29 22:58:00
Kiss,aliorrala18,2013-12-29 23:19:00
Kiss,kiha45,2013-12-29 23:32:00
Kiss,McBay,2013-12-30 02:32:00
Kiss,FjordSweetFjord,2013-12-30 02:33:00
Kiss,bfdawkins,2013-12-30 03:23:00
Kiss,khanmart,2013-12-30 09:39:00
Kiss,ailanda,2013-12-30 10:15:00
Kiss,Clearance02,2013-12-30 11:15:00
Kiss,HoboChris1,2013-12-30 14:34:00
Kiss,MokNok,2013-12-30 15:36:00
Kiss,SickParanoir,2013-12-30 15:57:00
Kiss,Mike_SCR,2013-12-30 16:04:00
Kiss,IncaWazoo,2013-12-30 16:28:00
Kiss,n3v4b0kt3,2013-12-30 19:39:00
Kiss,VNagahori,2013-12-30 19:47:00
Kiss,CarolMeendes,2013-12-30 20:28:00
Kiss,MTH095,2013-12-30 20:34:00
Kiss,Nandofisch,2013-12-30 20:54:00
Kiss,DouglasLessa,2013-12-30 21:04:00
Kiss,IngoEmir,2013-12-30 22:31:00
Kiss,Jeeh_Iuikis,2013-12-30 23:22:00
Kiss,beatrizribg,2013-12-30 23:51:00
Kiss,dougjofre,2013-12-30 23:56:00
Kiss,Frank_Rocker,2013-12-31 02:50:00
Kiss,lucastar07,2013-12-31 04:06:00
Kiss,metalkillthekin,2013-12-31 04:58:00
Kiss,AndrewCRome,2013-12-31 07:33:00
Kiss,MetalWitcher,2013-12-31 09:49:00
Kiss,Miika_Metal,2013-12-31 10:28:00
Kiss,mikazuki66,2013-12-31 12:54:00
Kiss,purerockradio,2013-12-31 13:02:00
Kiss,Guest003,2013-12-31 14:44:00
Kiss,vroobell,2013-12-31 16:46:00
Kiss,Matheus_Manfred,2013-12-31 17:58:00
Kiss,Thomas104,2013-12-31 21:29:00
Kiss,Mr-Tinkertrain-,2013-12-31 21:30:00
Kiss,amang0,2013-12-31 21:37:00
Kiss,AORocker,2013-12-31 23:02:00
