Megadeth,Truchy,2012-01-01 18:55:00
Megadeth,rody-metal,2012-01-04 01:01:00
Megadeth,drikazeppelin,2012-01-25 19:28:00
Megadeth,metal-22,2012-02-23 13:45:00
Megadeth,XopoBoD,2012-03-20 11:31:00
Megadeth,Northern_wind1,2012-03-25 13:08:00
Megadeth,ufuqq,2012-04-15 05:52:00
Megadeth,Coys1882,2012-04-25 13:58:00
Megadeth,mortaldecay,2012-05-11 07:46:00
Megadeth,Froster16,2012-06-05 00:45:00
Megadeth,Arthurm_B,2012-06-11 20:56:00
Megadeth,MissPnk,2012-06-15 19:39:00
Megadeth,anonymousca4,2012-06-25 01:47:00
Meg,sikelaia,2012-07-05 12:08:00
Megadeth,divoodoo,2012-07-28 17:48:00
Megadeth,gabriel_eckel,2012-08-29 22:23:00
Megadeth,Rudiger07,2012-09-09 21:10:00
Megadeth,sofiamayer_,2012-10-02 19:45:00
Megadeth,thunderhawk619,2012-11-12 23:12:00
Megadeth,diogogiacomini,2012-11-25 23:48:00
Megadeth,cfhbyron666,2012-11-30 20:13:00
Megadeth,Evgenko_,2012-12-08 12:35:00
Megadeth,yiddo58,2012-12-11 10:56:00
Megadeth,RestlessAndWild,2012-12-22 13:58:00
Megadeth,Steffen_Metal,2013-02-15 13:27:00
Megadeth,Joe_Sensei,2013-02-16 14:47:00
Megadeth,fanyled,2013-03-07 21:44:00
Megadeth,madame_rouge,2013-04-04 11:28:00
Megadeth,Sky_Henrique,2013-04-06 00:37:00
Megadeth,valky_,2013-04-08 10:40:00
Megadeth,ThePrometheus,2013-04-08 11:21:00
Megadeth,marihpotato182,2013-04-13 22:58:00
Megadeth,thyateirawarior,2013-04-17 19:48:00
Megadeth,KevinTaboada87,2013-04-23 00:16:00
Megadeth,forenzer,2013-05-05 12:52:00
Megadeth,Bescrow,2013-05-05 22:58:00
Megadeth,XxAmeliexX,2013-05-13 07:13:00
Megadeth,ChaosCalls,2013-05-15 18:44:00
Megadeth,heavymetalharsh,2013-05-16 19:57:00
Megadeth,saijasixx,2013-05-19 08:53:00
Megadeth,thejocker,2013-05-25 21:47:00
Megadeth,SGA121,2013-06-06 11:21:00
Megadeth,Jane_Hunter,2013-06-22 13:09:00
Megadeth,jazzyminz,2013-07-07 12:46:00
Megadeth,MrsFernanda,2013-07-08 18:10:00
Megadeth,skatergitarist,2013-07-11 16:07:00
Megadeth,SEbojestElo,2013-07-28 17:46:00
Megadeth,goskowa94,2013-07-29 17:32:00
Megadeth,sabretung,2013-07-31 04:46:00
Megadeth,KamalFighter,2013-08-10 22:19:00
Megadeth,igbaria,2013-08-12 14:36:00
Megadeth,Thunder_Drako,2013-08-18 10:30:00
Megadeth,ThaliaHenzel,2013-08-20 02:42:00
Megadeth,Eric_Montgomery,2013-08-22 22:19:00
Megadeth,TheKilljoy50,2013-09-01 09:32:00
Megadeth,Erusenu,2013-09-01 17:45:00
Megadeth,kanarekdriver,2013-09-02 13:25:00
Megadeth,Abriana-Rpo,2013-09-03 20:13:00
Megadeth,Superlead777,2013-09-15 21:21:00
Megadeth,anakaluzny,2013-09-16 17:01:00
Megadeth,EvadedBand,2013-09-27 15:55:00
Megadeth,bjfan13,2013-09-28 10:11:00
Megadeth,chanteler,2013-09-28 20:43:00
Megadeth,Caritors,2013-09-30 00:15:00
M,CARLOSMACINTOSH,2013-10-10 13:57:00
Megadeth,Fabio_Orowicz,2013-10-10 14:05:00
Megadeth,jase051977,2013-10-11 11:51:00
Megadeth,silenzioso,2013-10-11 17:01:00
Megadeth,sepidehjazayeri,2013-10-11 17:22:00
Megadeth,Peaksaman,2013-10-12 05:41:00
Megadeth,beatrizribg,2013-10-16 01:23:00
Megadeth,EloOlafek,2013-10-21 11:14:00
Megadeth,Przybysz117,2013-10-22 20:34:00
Megadeth,LogicDaemon,2013-10-23 14:29:00
Megadeth,Sarkiapone,2013-10-24 12:40:00
Megadeth,Julieth250,2013-10-26 18:54:00
Megadeth,LondonBurning12,2013-11-01 19:50:00
Megadeth,RocketQueenx33,2013-11-02 15:57:00
Megadeth,etell666,2013-11-03 08:17:00
Megadeth,LukiinhaKnight,2013-11-05 16:37:00
Megadeth,bayuperkasa,2013-11-06 05:07:00
Megadeth,trigniter,2013-11-07 15:29:00
Megadeth,deathcarolyn,2013-11-08 20:15:00
Megadeth,jefke54,2013-11-09 16:25:00
Megadeth,daddydan360,2013-11-10 03:42:00
Megadeth,listofvictim,2013-11-11 15:34:00
Megadeth,Luccas_Fernande,2013-11-11 21:17:00
Megadeth,RunForAFall_,2013-11-13 18:07:00
Megadeth,shirugaron,2013-11-15 15:17:00
Megadeth,EvilMaleKikyo,2013-11-17 12:28:00
Megadeth,incesticide_,2013-11-18 22:30:00
Megadeth,JoaoVictorMn,2013-11-18 23:16:00
Megadeth,kotic1,2013-11-19 05:20:00
Megadeth,Brunnann,2013-11-19 09:41:00
Megadeth,izanascimento_,2013-11-20 17:53:00
Megadeth,Higher_Ground,2013-11-21 19:16:00
Megadeth,Metallegiance,2013-11-23 18:42:00
Megadeth,andersabbath,2013-11-25 16:43:00
Megadeth,jonnyspectre,2013-11-25 22:53:00
Megadeth,Drillertheband,2013-11-30 10:27:00
Megadeth,PaRaGoDd,2013-11-30 21:50:00
Megadeth,FernandaCoradin,2013-12-01 00:57:00
Megadeth,w_evertom,2013-12-01 13:58:00
Megadeth,sleezy_rock,2013-12-01 17:20:00
Megadeth,maxuarzer,2013-12-01 22:36:00
Megadeth,EagleSith,2013-12-02 17:52:00
Megadeth,vinciedaltrey,2013-12-03 13:43:00
Megadeth,MrSixx,2013-12-04 12:41:00
Megadeth,HardRockForever,2013-12-04 17:44:00
Megadeth,addictiondiary,2013-12-05 16:07:00
Megadeth,Zetti,2013-12-05 18:32:00
Megadeth,LadyIceQueen,2013-12-06 04:14:00
Megadeth,useless_man,2013-12-06 04:32:00
Megadeth,lauraonisto,2013-12-06 09:58:00
Megadeth,HotFrenchFry,2013-12-06 10:23:00
Megadeth,Rogerio_Junior,2013-12-06 20:41:00
Megadeth,Mozartowa,2013-12-08 12:18:00
Megadeth,arantir777,2013-12-10 19:29:00
Megadeth,nariman-AF,2013-12-11 17:42:00
Megadeth,Nadeem592,2013-12-12 11:43:00
Megadeth,T-Storm,2013-12-12 22:48:00
Megadeth,HertonPS,2013-12-13 00:42:00
Megadeth,stevegriffdtcom,2013-12-13 17:25:00
Megadeth,WyldeA7X,2013-12-13 22:15:00
Megadeth,AdamFirst,2013-12-14 03:01:00
Megadeth,Jaaqob87,2013-12-14 09:35:00
Megadeth,IAmTheTable666,2013-12-14 13:09:00
Megadeth,GunnerGirl96,2013-12-14 17:02:00
Megadeth,Lufenuara,2013-12-14 17:16:00
Megadeth,Arpenthaty,2013-12-14 19:10:00
Megadeth,FlamingStairway,2013-12-15 13:13:00
Megadeth,Zwaarmetaal,2013-12-16 05:46:00
Megadeth,joaxazevedo,2013-12-16 11:19:00
Megadeth,SilvioAugusto,2013-12-16 12:50:00
Megadeth,ymccandido,2013-12-16 15:50:00
Megadeth,megadave70,2013-12-16 20:30:00
Megadeth,judythia,2013-12-17 20:54:00
Megadeth,camilatangerine,2013-12-18 02:18:00
Megadeth,spiderferi,2013-12-18 16:29:00
Megadeth,Papillon__,2013-12-18 20:50:00
Megadeth,AbSurDMaN_,2013-12-18 23:35:00
Megadeth,Gabi_rb,2013-12-19 04:47:00
Megadeth,ferdyDOTit,2013-12-19 09:03:00
Megadeth,Carlosluciano1,2013-12-19 19:03:00
Megadeth,summer_breese,2013-12-19 21:24:00
Meg,shakymc,2013-12-20 02:22:00
Megadeth,Dienys,2013-12-20 02:57:00
Megadeth,alex-pazzini,2013-12-20 05:37:00
Megadeth,Toad_Nation,2013-12-21 02:53:00
Megadeth,gabriel_replica,2013-12-21 09:38:00
Megadeth,Sliron,2013-12-21 10:35:00
Megadeth,LuckyMarlonxdd,2013-12-21 19:46:00
Megadeth,gongasf,2013-12-21 19:55:00
Megadeth,ailanda,2013-12-21 23:20:00
Megadeth,cynsalgado,2013-12-22 01:04:00
Megadeth,MegaAnthrax,2013-12-22 06:04:00
Meg,REDsaber_,2013-12-22 12:40:00
Megadeth,MatheusSampaioR,2013-12-22 15:01:00
Megadeth,chmedina,2013-12-22 23:12:00
Megadeth,Sinistron,2013-12-22 23:54:00
Megadeth,whtrice99,2013-12-23 05:22:00
Megadeth,n3l1t4,2013-12-23 05:29:00
Megadeth,Templar-,2013-12-23 10:51:00
Megadeth,Thifanny,2013-12-23 23:59:00
Megadeth,molloyloy,2013-12-24 05:30:00
Megadeth,Chifo88,2013-12-24 11:00:00
Megadeth,ijoxley,2013-12-24 11:44:00
Megadeth,alwaysachild,2013-12-24 14:18:00
Megadeth,maarcoagg,2013-12-25 02:04:00
Megadeth,eltanque25,2013-12-25 02:06:00
Megadeth,Abbathamus,2013-12-25 11:26:00
Megadeth,Thyeris,2013-12-25 14:25:00
Megadeth,Wednesday10,2013-12-25 23:46:00
Megadeth,Fusel76,2013-12-26 00:52:00
Megadeth,fx0123,2013-12-26 06:16:00
Megadeth,kyo_pan,2013-12-26 12:34:00
Megadeth,corpsedolls,2013-12-26 13:10:00
Megadeth,Zino_G3,2013-12-26 16:45:00
Megadeth,ClarissaGomes,2013-12-26 17:20:00
Megadeth,ingrid-1996,2013-12-26 18:37:00
Megadeth,NLMenke,2013-12-26 19:57:00
Megadeth,aliorrala18,2013-12-26 21:54:00
Megadeth,JessyViking,2013-12-26 22:14:00
Megadeth,EvilClown13,2013-12-26 22:24:00
Megadeth,PoulpyPaupiette,2013-12-27 00:23:00
Megadeth,bigben989,2013-12-27 06:33:00
Megadeth,exodas,2013-12-27 10:16:00
Megadeth,babyist,2013-12-27 12:41:00
Megadeth,Hamid-Naseri,2013-12-27 13:35:00
Megadeth,Otrava_,2013-12-27 15:02:00
Megadeth,fl0renccia,2013-12-27 16:10:00
Megadeth,hellion6873,2013-12-27 17:27:00
Megadeth,ViniciusOFS,2013-12-27 17:41:00
Megadeth,GhostFame,2013-12-27 19:17:00
Megadeth,fuck_yeah_i_,2013-12-27 20:42:00
Megadeth,Veinrot,2013-12-27 21:22:00
Megadeth,dramamexicano,2013-12-27 21:36:00
Megadeth,Anneengel13,2013-12-27 22:13:00
Megadeth,Nbsno4,2013-12-28 03:29:00
Megadeth,grimmjowwill,2013-12-28 05:30:00
Megadeth,LucasArnon,2013-12-28 05:37:00
Megadeth,KelvinFierkens,2013-12-28 11:13:00
Megadeth,nikasixx,2013-12-28 11:15:00
Megadeth,HydenAcero,2013-12-28 11:44:00
Megadeth,unforgivenheat,2013-12-28 12:44:00
Megadeth,ffffcrazy,2013-12-28 16:13:00
Megadeth,Juliene-e,2013-12-28 16:25:00
Megadeth,FranticMetal,2013-12-28 17:04:00
Megadeth,mohsenna,2013-12-28 17:52:00
Megadeth,Acid_Hell,2013-12-28 18:30:00
Megadeth,santyvascal,2013-12-28 20:02:00
Megadeth,DazDrummer,2013-12-28 22:14:00
Megadeth,gaetanwr,2013-12-28 23:05:00
Megadeth,tallesavenged,2013-12-29 01:35:00
Megadeth,vinicius_8,2013-12-29 03:10:00
Megadeth,socratesplanet,2013-12-29 05:21:00
Megadeth,Henriquecsl,2013-12-29 13:43:00
Megadeth,Hafez_KH,2013-12-29 14:43:00
Megadeth,MarceloGNR17,2013-12-29 15:39:00
Megadeth,FjordSweetFjord,2013-12-29 16:35:00
Megadeth,LaurAlejandraC,2013-12-29 17:01:00
Megadeth,Unforgiven1991,2013-12-29 17:48:00
Megadeth,v_richardt,2013-12-29 22:01:00
Megadeth,cbarreto87,2013-12-29 22:54:00
Megadeth,steelballs,2013-12-29 22:54:00
Megadeth,kiha45,2013-12-30 00:33:00
Megadeth,GisyBlackbow,2013-12-30 02:27:00
Megadeth,BurnInMetal,2013-12-30 02:57:00
Megadeth,Sheykerri,2013-12-30 06:27:00
Megadeth,Eisenheim68,2013-12-30 07:45:00
Megadeth,Thiago_Ramos_,2013-12-30 09:38:00
Megadeth,AMetalchild,2013-12-30 09:57:00
Megadeth,dream_warrior4,2013-12-30 10:43:00
Megadeth,matspas45,2013-12-30 11:27:00
Megadeth,HoboChris1,2013-12-30 11:37:00
Megadeth,horrorheroine,2013-12-30 13:22:00
Megadeth,ahmedowsky,2013-12-30 14:43:00
Megadeth,metaltyrant80,2013-12-30 14:47:00
Megadeth,Ariadna_,2013-12-30 14:57:00
Megadeth,QiunMi,2013-12-30 16:27:00
Megadeth,Dearthquake,2013-12-30 16:34:00
Megadeth,LCOllivera,2013-12-30 16:42:00
Megadeth,Nerdenberg,2013-12-30 16:50:00
Megadeth,houssam_oussama,2013-12-30 17:56:00
Megadeth,Kreaexo,2013-12-30 18:24:00
Megadeth,roalt,2013-12-30 19:23:00
Megadeth,mizi303,2013-12-30 20:25:00
Megadeth,mayazjpjh,2013-12-30 21:13:00
Megadeth,MetalN3rd,2013-12-30 21:20:00
Megadeth,minimainimo,2013-12-30 21:22:00
Megadeth,IngoEmir,2013-12-30 22:03:00
Megadeth,Mike_SCR,2013-12-30 23:08:00
Megadeth,DouglasLessa,2013-12-30 23:24:00
Megadeth,Strikerpro,2013-12-30 23:30:00
Megadeth,VNagahori,2013-12-30 23:55:00
Megadeth,jonathan-mira,2013-12-31 01:24:00
Megadeth,mclouding,2013-12-31 02:10:00
Megadeth,Feh6martins,2013-12-31 02:32:00
Megadeth,twistedd__,2013-12-31 02:58:00
Megadeth,Alphashewolf,2013-12-31 03:29:00
Megadeth,TsukikoRyotaro,2013-12-31 04:29:00
Megadeth,hevertiupls,2013-12-31 05:56:00
Megadeth,akirazenlove,2013-12-31 07:17:00
Megadeth,Jack1173,2013-12-31 10:22:00
Megadeth,p0rnjelly,2013-12-31 12:37:00
Megadeth,CydonianSoldier,2013-12-31 14:26:00
Megadeth,PauloLima1996,2013-12-31 15:34:00
Megadeth,Sepulchral_,2013-12-31 16:40:00
Megadeth,willrock07,2013-12-31 17:06:00
Megadeth,McBay,2013-12-31 17:33:00
Megadeth,Robert161989,2013-12-31 18:14:00
Megadeth,taltos76,2013-12-31 18:24:00
Megadeth,Matheus_Manfred,2013-12-31 19:10:00
Megadeth,amang0,2013-12-31 22:29:00
Megadeth,juan6630,2013-12-31 22:44:00
Megadeth,Ivnmetallica,2013-12-31 22:59:00
