Arctic Monkeys,cakessbaby,2012-01-13 12:53:00
Arctic Monkeys,RuHai,2012-01-21 05:44:00
Arctic Monkeys,Maripepper,2012-03-06 20:46:00
Arctic Monkeys,rockstarN,2012-04-08 11:20:00
Arctic Monkeys,l0veisaverb,2012-05-12 18:46:00
Arctic Monkeys,mateusamlr,2012-06-09 16:07:00
Arctic Monkeys,carolzinhaccp,2012-06-10 23:50:00
Arctic Monkeys,Clarebells,2012-06-11 22:52:00
Arctic Monkeys,bmchargue,2012-06-15 08:15:00
Arctic Monkeys,Bru,2012-06-24 11:30:00
Arctic Monkeys,Froster16,2012-07-06 22:47:00
Arctic Monkeys,meteoro-2028,2012-07-30 11:57:00
Arctic Monkeys,CarolanePavesi,2012-08-01 22:09:00
Arctic Monkeys,luisaherve,2012-09-02 19:15:00
Arctic Monkeys,tony4stonem,2012-09-18 20:15:00
Arctic Monkeys,Paya75,2012-10-01 20:05:00
A,Serg_7,2012-10-13 16:04:00
Arctic Monkeys,LucasLycan,2012-10-17 15:31:00
Arctic Monkeys,SofaKingGood,2012-10-20 18:29:00
Arctic Monkeys,venzzzy,2012-10-21 12:39:00
Arctic Monkeys,SonyLins,2012-11-02 23:35:00
Arctic Monkeys,KillerVictim,2012-11-08 16:00:00
Arctic Monkeys,alyarahmania,2012-11-16 05:33:00
Arctic Monkeys,Namiraaa,2012-11-26 11:46:00
Arctic Monkeys,Lenaa93,2012-12-07 12:15:00
Arctic Monkeys,lalo1390,2013-01-03 07:35:00
Arctic Monkeys,thejones14,2013-01-06 13:00:00
Arctic Monkeys,xn____nx,2013-01-25 02:57:00
Arctic Monkeys,PattyPez,2013-01-30 15:43:00
Arctic Monkeys,barbarapereira,2013-02-18 15:07:00
Arctic Monkeys,malindaun,2013-02-20 14:06:00
Arctic Monkeys,ChampagneSuper,2013-02-23 00:54:00
Arctic Monkeys,mrcs03,2013-03-10 19:11:00
Arctic Monkeys,Sianshambles,2013-04-07 11:26:00
Arctic Monkeys,marihpotato182,2013-04-15 19:05:00
Arctic Monkeys,Black-jacknife,2013-04-27 14:04:00
Arctic Monkeys,fanyled,2013-05-07 23:10:00
Arctic Monkeys,kmpanita,2013-05-18 02:09:00
Arctic Monkeys,Gon1251,2013-05-26 20:25:00
Arctic Monkeys,Inne_ssa,2013-06-16 12:14:00
Arctic Monkeys,Unknown_29,2013-06-17 20:53:00
Arctic Monkeys,incubina,2013-06-19 22:38:00
Arctic Monkeys,gorilaflamejant,2013-06-24 18:58:00
Arctic Monkeys,leticiaportobh,2013-06-25 04:38:00
Arctic Monkeys,na_robotic,2013-06-25 22:12:00
Arctic Monkeys,oeryl,2013-06-28 13:16:00
Arctic Monkeys,Franfiorini,2013-07-13 20:28:00
Arctic Monkeys,lokesea123,2013-07-24 07:47:00
Arctic Monkeys,TrueShinji,2013-08-03 13:19:00
Arctic Monkeys,Baftikus,2013-08-03 13:28:00
Arctic Monkeys,MorganPlusMusic,2013-08-05 04:26:00
Arctic Monkeys,radiopyramid,2013-08-05 12:53:00
Arctic Monkeys,Strawberry1983,2013-08-06 16:32:00
Arctic Monkeys,nicofolk,2013-08-06 19:33:00
A,Ms_Coffee,2013-08-10 11:57:00
Arctic Monkeys,amseledka-niamm,2013-08-12 09:40:00
Arctic Monkeys,Yuliamua,2013-08-14 09:52:00
Arctic Monkeys,caro0604,2013-08-25 00:26:00
Arctic Monkeys,MoonElven,2013-08-26 13:43:00
Arctic Monkeys,barbaralogullo,2013-08-26 17:01:00
Arctic Monkeys,Jane_Hunter,2013-08-28 09:22:00
Arctic Monkeys,ALFABOX,2013-08-29 09:43:00
Arctic Monkeys,chris_ge,2013-08-30 23:15:00
Arctic Monkeys,loloaun,2013-09-03 18:37:00
Arctic Monkeys,feravanesha,2013-09-09 06:39:00
Arctic Monkeys,livingcolour,2013-09-12 21:12:00
Arctic Monkeys,shirugaron,2013-09-15 02:03:00
Arctic Monkeys,rich_ashworth,2013-09-15 20:40:00
Arctic Monkeys,claudliz28,2013-09-15 21:22:00
Arctic Monkeys,midiaz25,2013-09-16 17:23:00
Arctic Monkeys,FToffolo,2013-09-18 16:44:00
Arctic Monkeys,tsavatar,2013-09-20 10:27:00
Arctic Monkeys,Virinchi,2013-09-22 09:35:00
Arctic Monkeys,ivailo91,2013-09-30 20:02:00
Arctic Monkeys,deewa1rusispaul,2013-10-04 03:49:00
Arctic Monkeys,HyperShines_,2013-10-07 09:10:00
Arctic Monkeys,xattabych,2013-10-07 09:30:00
M,CARLOSMACINTOSH,2013-10-10 13:57:00
Arctic Monkeys,despise84,2013-10-13 14:30:00
Arctic Monkeys,reddiefe,2013-10-15 22:16:00
Arctic Monkeys,Trementine,2013-10-16 20:14:00
Arctic Monkeys,MajKo8,2013-10-18 21:01:00
Arctic Monkeys,virytum,2013-10-19 13:41:00
Arctic Monkeys,EmilyTimaury,2013-10-21 14:34:00
Arctic Monkeys,trecenta,2013-10-22 16:28:00
Arctic Monkeys,Sarkiapone,2013-10-24 06:58:00
Arctic Monkeys,Caroliinex3,2013-10-24 12:27:00
Arctic Monkeys,Nick_oliveri,2013-10-26 01:08:00
Arctic Monkeys,thesleepymist,2013-10-26 01:09:00
Arctic Monkeys,aniolzproca,2013-10-27 16:21:00
Arctic Monkeys,bayuperkasa,2013-10-28 03:36:00
Arctic Monkeys,Caritors,2013-10-28 13:54:00
Arctic Monkeys,izanascimento_,2013-10-28 15:51:00
Arctic Monkeys,shadesofblack94,2013-10-29 01:05:00
Arctic Monkeys,anabidu,2013-10-30 16:03:00
Arctic Monkeys,silenzioso,2013-11-04 12:24:00
Arctic Monkeys,Gabrilefty,2013-11-04 17:17:00
Arctic Monkeys,California7ove,2013-11-05 12:06:00
Arctic Monkeys,MurilohOliveira,2013-11-06 01:20:00
Arctic Monkeys,Evoo,2013-11-06 15:29:00
Arctic Monkeys,valeola,2013-11-07 04:31:00
Arctic Monkeys,SuperLory,2013-11-08 10:43:00
Arctic Monkeys,Contz,2013-11-15 15:19:00
Arctic Monkeys,Kiana4real,2013-11-16 17:53:00
Arctic Monkeys,Annaaprita,2013-11-17 06:18:00
Arctic Monkeys,supernovaglory,2013-11-17 18:51:00
Arctic Monkeys,berrypunch,2013-11-18 20:01:00
Arctic Monkeys,afr0polak,2013-11-18 21:36:00
Arctic Monkeys,natanati,2013-11-18 23:02:00
Arctic Monkeys,daaamlaaa,2013-11-20 10:13:00
Arctic Monkeys,coyoteentijuana,2013-11-21 02:33:00
Arctic Monkeys,CindyMejia,2013-11-23 22:02:00
Arctic Monkeys,StrobAliceLight,2013-11-25 13:03:00
Arctic Monkeys,almuVendetta,2013-11-25 16:30:00
Arctic Monkeys,siis_,2013-11-26 00:41:00
Arctic Monkeys,AlexRichter,2013-11-26 23:45:00
Arctic Monkeys,anija,2013-11-27 14:01:00
Arctic Monkeys,IpeDeschain,2013-11-29 21:45:00
Arctic Monkeys,MillosCA13,2013-11-30 05:11:00
Arctic Monkeys,Dan-Abnormal,2013-11-30 12:58:00
Arctic Monkeys,lemurowa,2013-11-30 13:00:00
Arctic Monkeys,Einzengaard,2013-11-30 13:50:00
Arctic Monkeys,Vinilins,2013-11-30 18:46:00
Arctic Monkeys,Xiaron,2013-11-30 21:59:00
Arctic Monkeys,Unhappy_00,2013-12-01 01:38:00
Arctic Monkeys,Sin-Red,2013-12-02 01:15:00
Arctic Monkeys,tpeltekova,2013-12-02 16:59:00
Arctic Monkeys,elfozoejane,2013-12-02 17:23:00
Arctic Monkeys,TiagoT10,2013-12-02 21:25:00
Arctic Monkeys,karipriester,2013-12-03 16:10:00
Arctic Monkeys,LucasGCassol,2013-12-03 21:29:00
Arctic Monkeys,drmxmyt,2013-12-03 22:02:00
Arctic Monkeys,thorn_in_bubble,2013-12-04 00:05:00
Arctic Monkeys,scar654,2013-12-04 14:10:00
Arctic Monkeys,morell1990,2013-12-04 16:38:00
Arctic Monkeys,nathmuse,2013-12-04 19:49:00
Arctic Monkeys,popscenehorror,2013-12-05 03:03:00
Arctic Monkeys,karinalupita,2013-12-05 05:40:00
Arctic Monkeys,PallMall12,2013-12-05 15:56:00
Arctic Monkeys,imwithfatcats,2013-12-05 17:18:00
Arctic Monkeys,kaen04,2013-12-06 13:31:00
Arctic Monkeys,IvailoDelev,2013-12-06 16:33:00
Arctic Monkeys,Mozartowa,2013-12-06 18:07:00
Arctic Monkeys,audreyenne,2013-12-07 11:39:00
Arctic Monkeys,maceslo,2013-12-07 14:03:00
Arctic Monkeys,darwinribeiro,2013-12-07 15:33:00
Arctic Monkeys,AeroBruno,2013-12-08 01:04:00
Arctic,websnackerblog,2013-12-08 13:14:00
Arctic Monkeys,smirnoff40,2013-12-08 22:41:00
Arctic Monkeys,AdryJzz,2013-12-08 23:14:00
Arctic Monkeys,carolisrisolis_,2013-12-09 17:32:00
Arctic Monkeys,bugman996,2013-12-09 18:39:00
Arctic Monkeys,Fraaancisss,2013-12-09 19:00:00
Arctic Monkeys,Dienys,2013-12-10 04:15:00
Arctic Monkeys,radel,2013-12-10 07:13:00
Arctic Monkeys,tyorachmansyah,2013-12-10 07:40:00
Arctic Monkeys,HotFrenchFry,2013-12-10 12:42:00
Arctic Monkeys,Hrva3101,2013-12-10 13:34:00
Arctic Monkeys,charlottedoe,2013-12-10 22:18:00
Arctic Monkeys,brizz89,2013-12-11 00:24:00
Arctic Monkeys,gabitches,2013-12-11 00:50:00
Arctic Monkeys,avacatello99,2013-12-11 02:55:00
Arctic Monkeys,refireyhandi,2013-12-11 04:21:00
Arctic Monkeys,kunasexy,2013-12-11 08:58:00
Arctic Monkeys,danlinke,2013-12-11 12:47:00
Arctic Monkeys,TomStardust,2013-12-11 14:33:00
Arctic Monkeys,arantir777,2013-12-11 16:25:00
Arctic Monkeys,sabalerox,2013-12-11 17:29:00
Arctic Monkeys,molleeb,2013-12-11 20:04:00
Arctic Monkeys,Mckraken12,2013-12-11 23:55:00
Arctic Monkeys,truesouls,2013-12-12 00:56:00
Arctic Monkeys,StoryToKill,2013-12-12 09:31:00
Arctic Monkeys,Jeeh_Iuikis,2013-12-12 10:15:00
Arctic Monkeys,abragad,2013-12-12 14:54:00
Arctic Monkeys,HertonPS,2013-12-12 17:16:00
Arctic Monkeys,josephady,2013-12-12 19:06:00
Arctic Monkeys,sib3rian,2013-12-13 02:51:00
Arctic Monkeys,YameF,2013-12-13 09:33:00
Arctic Monkeys,Kazze,2013-12-13 11:05:00
Arctic Monkeys,luishgo,2013-12-13 13:48:00
Arctic Monkeys,navypink,2013-12-13 13:48:00
Arctic Monkeys,ohambulance,2013-12-13 13:58:00
Arctic Monkeys,anateodoro,2013-12-13 18:23:00
Arctic Monkeys,AmyMirka,2013-12-13 21:37:00
Arctic Monkeys,toxrn,2013-12-14 00:10:00
Arctic Monkeys,Michael_Dias,2013-12-14 01:38:00
Arctic Monkeys,juanbiohazard,2013-12-14 02:27:00
Arctic Monkeys,Yuki-22,2013-12-14 12:14:00
Arctic Monkeys,lightsoul07,2013-12-14 15:26:00
Arctic Monkeys,dyma_p,2013-12-14 23:04:00
A,irishlad1,2013-12-15 15:11:00
Arctic Monkeys,nisostenido,2013-12-15 17:30:00
Arctic Monkeys,steromind,2013-12-16 01:40:00
Arctic Monkeys,summer_breese,2013-12-16 17:39:00
Arctic Monkeys,Katyab,2013-12-16 19:56:00
Arctic Monkeys,Abjuro,2013-12-16 21:53:00
Arctic Monkeys,Blossom_girl,2013-12-16 23:12:00
Arctic Monkeys,Ventura_ink,2013-12-17 06:52:00
Arctic Monkeys,Kamizinho,2013-12-17 15:36:00
Arctic Monkeys,danirojas95,2013-12-17 16:26:00
Arctic Monkeys,gualeveju,2013-12-17 17:41:00
Arctic Monkeys,DesertPenguins,2013-12-17 22:46:00
Arctic Monkeys,Mentedealgodon,2013-12-18 00:54:00
Arctic Monkeys,MrStatto,2013-12-18 08:03:00
Arctic Monkeys,camilatangerine,2013-12-18 10:22:00
Arctic Monkeys,LaurAlejandraC,2013-12-18 13:33:00
Arctic Monkeys,GinnyMoon,2013-12-18 14:31:00
Arctic Monkeys,kekkoz,2013-12-18 18:17:00
Arctic Monkeys,sorrowtherapy,2013-12-18 19:08:00
Arctic Monkeys,augustosperfeld,2013-12-18 20:44:00
Arctic Monkeys,six_sacher,2013-12-19 02:50:00
Arctic Monkeys,yardakani,2013-12-19 07:08:00
Arctic Monkeys,klauscabral,2013-12-19 08:43:00
Arctic Monkeys,Nan_araujo,2013-12-19 10:04:00
Arctic Monkeys,mel-is-a,2013-12-19 16:16:00
Arctic Monkeys,RobertGmb,2013-12-19 16:40:00
Arctic Monkeys,AtoScilla,2013-12-19 17:28:00
Arctic Monkeys,KITSCH_italia,2013-12-19 20:04:00
Arctic Monkeys,ericson_d,2013-12-19 21:56:00
Arctic Monkeys,Vichoko,2013-12-19 22:09:00
Arctic Monkeys,andrescrispin,2013-12-19 22:57:00
Arctic Monkeys,soloteviunavez,2013-12-20 03:26:00
Arctic Monkeys,casseybunn,2013-12-20 10:00:00
Arctic Monkeys,shakymc,2013-12-20 10:52:00
Arctic Monkeys,niko1020,2013-12-20 12:29:00
Arctic Monkeys,mpg63,2013-12-20 13:23:00
Arctic Monkeys,ridwanredo,2013-12-20 17:08:00
Arctic Monkeys,DiSando,2013-12-20 18:42:00
Arctic Monkeys,quintes-sence,2013-12-20 19:03:00
Arctic Monkeys,elottito,2013-12-20 22:46:00
Arctic Monkeys,GabrielaCarrer,2013-12-20 23:02:00
Arctic Monkeys,kurbox,2013-12-20 23:37:00
Arctic Monkeys,p4ncho90,2013-12-21 03:42:00
Arctic Monkeys,mienso_pl,2013-12-21 12:41:00
Arctic Monkeys,zeineb96,2013-12-21 13:47:00
Arctic Monkeys,paulotono1,2013-12-21 16:48:00
Arctic Monkeys,gjcsouthsea,2013-12-21 18:08:00
Arctic Monkeys,madox_gx,2013-12-21 18:36:00
Arctic Monkeys,lucasmedina16,2013-12-21 21:18:00
Arctic Monkeys,LuckyMarlonxdd,2013-12-22 01:29:00
Arctic Monkeys,Henriquecsl,2013-12-22 09:38:00
Arctic Monkeys,donemico,2013-12-22 12:36:00
Arctic Monkeys,Papillon__,2013-12-22 17:34:00
Arctic Monkeys,jvcnt,2013-12-22 19:52:00
Arctic Monkeys,minpossible,2013-12-22 20:34:00
Arctic Monkeys,camuquengue,2013-12-22 23:46:00
Arctic Monkeys,brito7x,2013-12-23 01:09:00
Arctic Monkeys,aabriil,2013-12-23 07:09:00
Arctic Monkeys,marilink,2013-12-23 08:06:00
Arctic Monkeys,ZazzzA,2013-12-23 13:30:00
Arctic Monkeys,Elesole,2013-12-23 16:08:00
Arctic Monkeys,biankadamascena,2013-12-23 17:04:00
Arctic Monkeys,alanceloth,2013-12-23 18:45:00
Arctic Monkeys,gimmixAT,2013-12-23 22:14:00
Arctic Monkeys,gershow92,2013-12-24 03:40:00
Arctic Monkeys,keropi,2013-12-24 04:36:00
Arctic Monkeys,BraveNewBrit,2013-12-24 06:04:00
Arctic Monkeys,Mr_Desagradable,2013-12-24 06:27:00
Arctic Monkeys,raestipated,2013-12-24 07:20:00
Arctic Monkeys,Phenriquez,2013-12-24 08:25:00
Arctic Monkeys,Otrava_,2013-12-24 14:01:00
Arctic Monkeys,AgaetisByrjun-,2013-12-24 15:43:00
Arctic Monkeys,prihbalbino,2013-12-24 18:57:00
Arctic Monkeys,cronopio86,2013-12-24 22:20:00
Arctic Monkeys,Scipio1479,2013-12-25 05:32:00
Arctic Monkeys,i_galib,2013-12-25 10:14:00
Arctic Monkeys,ravenslave,2013-12-25 11:38:00
Arctic Monkeys,Hoppipolla18,2013-12-25 12:42:00
Arctic Monkeys,yulleulguim,2013-12-25 12:50:00
Arctic Monkeys,bobbin-b,2013-12-25 16:15:00
Arctic Monkeys,Sound-Jam,2013-12-25 16:24:00
Arctic Monkeys,lecoke,2013-12-25 17:00:00
Arctic Monkeys,DannieSpungen,2013-12-25 18:47:00
Arctic Monkeys,Lerdon,2013-12-25 20:26:00
Arctic Monkeys,CarlosFiesco,2013-12-26 00:56:00
Arctic Monkeys,matheus_rc01,2013-12-26 06:05:00
Arctic Monkeys,Patataja,2013-12-26 11:10:00
Arctic Monkeys,iMagdy91,2013-12-26 14:27:00
Arctic Monkeys,DonSlon,2013-12-26 14:44:00
Arctic Monkeys,mcrovari311,2013-12-26 15:30:00
Arctic Monkeys,JazzEatTheWorld,2013-12-26 15:46:00
Arctic Monkeys,AndrewYagami,2013-12-26 16:52:00
Arctic Monkeys,DustMyBroom,2013-12-26 17:01:00
Arctic Monkeys,leteodoro,2013-12-26 19:03:00
Arctic Monkeys,chivixime,2013-12-26 20:17:00
Arctic Monkeys,grimmjowwill,2013-12-26 21:26:00
Arctic Monkeys,shelucifersam,2013-12-26 22:38:00
Arctic Monkeys,estefanina,2013-12-27 02:53:00
Arctic Monkeys,DannyCamelo,2013-12-27 08:44:00
Arctic Monkeys,llelu,2013-12-27 09:25:00
Arctic Monkeys,koariko,2013-12-27 11:19:00
Arctic Monkeys,AlfieMercury,2013-12-27 11:48:00
Arctic Monkeys,monarshea,2013-12-27 12:30:00
Arctic Monkeys,xXSilent_FallXx,2013-12-27 12:41:00
A,str8_left,2013-12-27 13:59:00
Arctic Monkeys,svetasteff,2013-12-27 14:21:00
Arctic Monkeys,SickParanoir,2013-12-27 15:52:00
Arctic Monkeys,julima92,2013-12-27 16:54:00
Arctic Monkeys,nssabrina,2013-12-27 17:36:00
Arctic Monkeys,ccarolzz,2013-12-27 19:27:00
Arctic Monkeys,spac-ed-ementia,2013-12-27 19:52:00
Arctic Monkeys,palefigure,2013-12-27 21:33:00
Arctic Monkeys,gabrielantunes,2013-12-28 00:55:00
Arctic Monkeys,Edd_10,2013-12-28 02:17:00
Arctic Monkeys,Clive91,2013-12-28 02:45:00
Arctic Monkeys,jarabeparalatos,2013-12-28 04:04:00
Arctic Monkeys,almaputri,2013-12-28 08:15:00
Arctic Monkeys,dark_wish,2013-12-28 08:24:00
Arctic Monkeys,katech_pl,2013-12-28 10:16:00
Arctic Monkeys,mazzomat,2013-12-28 12:06:00
Arctic Monkeys,h1mka,2013-12-28 12:42:00
Arctic Monkeys,adelinecarlaa,2013-12-28 13:01:00
Arctic Monkeys,unforgivenheat,2013-12-28 13:46:00
Arctic Monkeys,efamssa,2013-12-28 13:55:00
Arctic Monkeys,Cloudscraper,2013-12-28 14:28:00
Arctic Monkeys,tamara_coutinho,2013-12-28 15:18:00
A,Paul0880,2013-12-28 15:20:00
Arctic Monkeys,angeladoves,2013-12-28 15:56:00
Arctic Monkeys,thedudeyoudhave,2013-12-28 18:32:00
Arctic Monkeys,syfo,2013-12-28 19:53:00
Arctic Monkeys,liviaa_rose,2013-12-28 20:05:00
Arctic Monkeys,GisyBlackbow,2013-12-28 20:55:00
Arctic Monkeys,omidhakki,2013-12-28 21:30:00
Arctic Monkeys,22poo22,2013-12-28 22:24:00
Arctic Monkeys,Zalvador05,2013-12-28 22:43:00
Arctic Monkeys,lexthalion,2013-12-28 22:52:00
Arctic Monkeys,MalinaLNCY,2013-12-29 00:19:00
Arctic Monkeys,swwonder,2013-12-29 00:23:00
Arctic Monkeys,LauraCeron,2013-12-29 01:39:00
Arctic Monkeys,JulianRdrgz,2013-12-29 01:54:00
Arctic Monkeys,heyanessas,2013-12-29 03:25:00
Arctic Monkeys,sungoesdown505,2013-12-29 10:14:00
Arctic Monkeys,milosgallo,2013-12-29 11:02:00
Arctic Monkeys,kalamees100,2013-12-29 12:51:00
Arctic Monkeys,pondina-park,2013-12-29 13:28:00
Arctic Monkeys,nat_89,2013-12-29 13:56:00
Arctic Monkeys,broken_angel08,2013-12-29 14:29:00
Arctic Monkeys,sulkysmile,2013-12-29 16:58:00
Arctic Monkeys,nofloba,2013-12-29 17:04:00
Arctic Monkeys,rock070,2013-12-29 17:53:00
Arctic Monkeys,hackaugusto,2013-12-29 21:13:00
Arctic Monkeys,alyssar_th,2013-12-29 23:49:00
Arctic Monkeys,Anderson_BTH,2013-12-30 00:46:00
Arctic Monkeys,FunkyMonk6969,2013-12-30 02:05:00
Arctic Monkeys,FenixPahedi,2013-12-30 03:54:00
Arctic Monkeys,anantavania,2013-12-30 06:00:00
Arctic Monkeys,Sharp-Ton,2013-12-30 06:57:00
Arctic Monkeys,Marih16,2013-12-30 07:26:00
Arctic Monkeys,asceta-,2013-12-30 09:35:00
Arctic Monkeys,henrikfelix,2013-12-30 10:02:00
Arctic Monkeys,vectorohja,2013-12-30 12:09:00
Arctic Monkeys,Ariadna_,2013-12-30 12:36:00
Arctic Monkeys,AmorSinRodeos,2013-12-30 13:53:00
Arctic Monkeys,Natalia_Pereira,2013-12-30 14:27:00
Arctic Monkeys,niko_flaming,2013-12-30 14:43:00
Arctic Monkeys,Siouxsie21,2013-12-30 16:29:00
Arctic Monkeys,Alan_Morton,2013-12-30 16:44:00
Arctic Monkeys,ReneGWH,2013-12-30 17:06:00
Arctic Monkeys,Atzimba,2013-12-30 17:50:00
Arctic Monkeys,transladyparada,2013-12-30 18:49:00
Arctic Monkeys,gansisrael,2013-12-30 18:50:00
Arctic Monkeys,doyouwant2know,2013-12-30 19:07:00
Arctic Monkeys,Suckitandsee17,2013-12-30 19:11:00
Arctic Monkeys,msderyae,2013-12-30 20:39:00
Arctic Monkeys,RocketQueenx33,2013-12-30 20:51:00
Arctic Monkeys,houssam_oussama,2013-12-30 20:54:00
Arctic Monkeys,Forget_this,2013-12-30 21:27:00
Arctic Monkeys,ramonnaknows,2013-12-30 22:51:00
Arctic Monkeys,TheMetalus,2013-12-30 23:15:00
Arctic Monkeys,frbruna,2013-12-30 23:55:00
Arctic Monkeys,Vemrion,2013-12-31 00:39:00
Arctic Monkeys,Dash-ash,2013-12-31 00:44:00
Arctic Monkeys,VNagahori,2013-12-31 00:52:00
Arctic Monkeys,lucastar07,2013-12-31 01:12:00
Arc,Matt_293,2013-12-31 02:06:00
Arctic Monkeys,marqoogomes,2013-12-31 02:37:00
Arctic Monkeys,Jose2589,2013-12-31 03:01:00
Arctic Monkeys,carolisdead,2013-12-31 03:47:00
Arctic Monkeys,Kill_n_all,2013-12-31 05:25:00
Arctic Monkeys,Nirvandrea,2013-12-31 05:58:00
Arctic Monkeys,loetjoepoenja,2013-12-31 07:24:00
Arctic Monkeys,asfo,2013-12-31 08:10:00
Arctic Monkeys,Vizbildakan,2013-12-31 09:19:00
Arctic Monkeys,Vizbildakan,2013-12-31 09:19:00
Arctic Monkeys,QiunMi,2013-12-31 09:40:00
Arctic Monkeys,NaelaAli,2013-12-31 10:44:00
Arctic Monkeys,MIlliMelliMolli,2013-12-31 11:51:00
Arctic Monkeys,PatkaNYC,2013-12-31 12:05:00
Arctic Monkeys,Dispelbot67,2013-12-31 12:35:00
Arctic Monkeys,foonk,2013-12-31 12:49:00
A,ruscore,2013-12-31 14:08:00
Arctic Monkeys,Nilooy5,2013-12-31 14:10:00
Arctic Monkeys,IAmMrDexB,2013-12-31 14:49:00
Arctic Monkeys,Chrysa85,2013-12-31 15:22:00
Arctic Monkeys,ChandoFer1402,2013-12-31 15:48:00
Arctic Monkeys,DouglasLessa,2013-12-31 16:29:00
Arctic Monkeys,Claudiaguesa,2013-12-31 16:44:00
Arctic Monkeys,abnobas_melodic,2013-12-31 17:01:00
Arctic Monkeys,apagalaradio,2013-12-31 17:32:00
Arctic Monkeys,Ramms_stein,2013-12-31 17:38:00
Arctic Monkeys,KeicianeTesche,2013-12-31 17:46:00
Arctic Monkeys,kurtnirvanakris,2013-12-31 17:52:00
Arctic Monkeys,dkohan,2013-12-31 18:25:00
Arctic Monkeys,Ivnmetallica,2013-12-31 19:01:00
Arctic Monkeys,cippicla,2013-12-31 19:12:00
Arctic Monkeys,dreaminLara,2013-12-31 19:33:00
Arctic Monkeys,Like_RockStar,2013-12-31 19:46:00
Arctic Monkeys,diantc333,2013-12-31 20:05:00
Arctic Monkeys,ZombiePanda3,2013-12-31 20:45:00
Arctic Monkeys,abc_Maria,2013-12-31 20:53:00
Arctic Monkeys,carbonrough,2013-12-31 21:18:00
Arctic Monkeys,aneurysm-ani,2013-12-31 21:54:00
