The Beatles,JFSowned,2012-01-03 18:29:00
The Beatles,alohastar,2012-01-13 10:46:00
The Beatles,breakinglass,2012-01-18 18:19:00
The Beatles,tiagopache,2012-01-22 14:11:00
The Beatles,thz21,2012-01-31 15:21:00
The Beatles,davidxtlr,2012-02-01 16:57:00
The Beatles,Beatrizpaes,2012-02-06 03:58:00
The Beatles,nerialisson,2012-02-12 10:08:00
The Beatles,stuartbarr,2012-02-19 10:31:00
The Beatles,BooroBooro,2012-03-12 12:20:00
The Beatles,Zimmmey,2012-03-15 21:05:00
The Beatles,mergicuviitura,2012-03-16 17:09:00
The Beatles,mrcs03,2012-03-21 05:11:00
The Beatles,cafulcura,2012-04-13 12:25:00
The Beat,MacroPhotoFun,2012-04-19 18:37:00
The Beatles,ildivogiulio,2012-04-20 20:47:00
The Beatles,operabouffe,2012-04-21 09:12:00
The Beatles,Laservampire,2012-04-30 13:26:00
The Beatles,AboveHell,2012-05-05 13:07:00
The Beatles,DiaPaam,2012-05-15 23:47:00
The Beatles,radiohead_girl1,2012-05-25 03:58:00
The Beatles,carolsleite,2012-05-26 00:51:00
The Beatles,nvero,2012-05-30 04:39:00
The Beatles,cakessbaby,2012-06-01 00:51:00
The Beatles,YSonidos,2012-06-01 19:39:00
The Beatles,utopico14,2012-06-04 22:01:00
The Beatles,mateusamlr,2012-06-10 13:59:00
The Beatles,Arthurm_B,2012-06-11 21:21:00
The Beatles,alnihan,2012-06-19 17:25:00
The Beatles,meteoro-2028,2012-06-22 04:48:00
The Beatles,nisip,2012-07-21 14:31:00
The Beatles,malindaun,2012-08-01 12:31:00
The Beatles,malex27,2012-08-08 14:58:00
The Beatles,ashtoon,2012-08-09 13:50:00
The Beatles,JehDarkAngel,2012-08-16 01:47:00
The Beatles,DanielFormiga,2012-09-09 04:00:00
The Beatles,PriscilaVallejo,2012-09-17 22:19:00
The Beatles,tony4stonem,2012-09-23 20:26:00
The Beatles,virytum,2012-09-24 07:07:00
The Beatles,sil_8fm,2012-10-05 17:33:00
The Beatles,natalliah,2012-10-06 08:36:00
The Beatles,nikunj029,2012-10-06 11:25:00
The Beatles,elisamobini,2012-10-08 17:53:00
The Beatles,Fryghtn,2012-10-09 16:28:00
The Beatles,parklife7,2012-10-30 18:50:00
The Beatles,x_SooN_x,2012-11-01 19:26:00
The Beatles,sulfocromico,2012-11-05 14:15:00
The Beatles,GustavohI,2012-11-16 02:31:00
The Beatles,helenkaops,2012-11-20 19:12:00
The Beatles,deewa1rusispaul,2012-11-21 19:43:00
The Beatles,lokinha27,2012-11-23 19:07:00
The Beatles,Paya75,2012-11-26 01:45:00
The Beatles,KillerVictim,2012-11-28 12:35:00
The Beatles,amaury_amr,2012-12-01 13:55:00
The Beatles,Montseee,2012-12-01 19:59:00
The Beatles,belishha,2012-12-04 21:45:00
The Beatles,bluesjohn,2012-12-06 18:53:00
The Beatles,midiaz25,2012-12-11 19:10:00
The Beatles,Caseyjones003,2012-12-12 00:16:00
The Beatles,giaharris,2012-12-13 15:31:00
The Beatles,Dissembler,2012-12-16 03:24:00
The Beatles,lalo1390,2012-12-20 05:57:00
The Beatles,nilarimogard,2013-01-08 21:18:00
The Beatles,nefiflorian,2013-01-10 02:49:00
The Beatles,cfhbyron666,2013-01-14 19:11:00
The Beatles,jetaimepas,2013-01-14 23:57:00
The Beatles,SlashBlaze,2013-01-25 00:13:00
The Beatles,ViaMoonlight,2013-01-25 21:24:00
The Beatles,allwebdeals,2013-01-26 00:30:00
The Beatles,Lili_Tagetes,2013-01-28 15:51:00
The Beatles,freddy_cosme,2013-02-05 16:43:00
The Beatles,SantiagoLozano,2013-02-09 01:48:00
The Beatles,imhulkomaniac,2013-02-10 00:58:00
The Beatles,Wanish,2013-02-13 15:26:00
The Beatles,barbarapereira,2013-02-18 16:08:00
The Beatles,micksay,2013-02-21 12:22:00
The Beatles,ChampagneSuper,2013-02-23 03:12:00
The Beatles,thegr8t1,2013-03-30 19:25:00
The Beatles,mezzacapa,2013-04-06 20:34:00
The Beatles,JakorJas,2013-04-09 22:46:00
The Beatles,enoteca,2013-04-14 19:43:00
The Beatles,adri_citta,2013-04-15 04:41:00
The Beatles,darinrmcclure,2013-04-18 20:41:00
The Beatles,ignacio_andres,2013-04-26 14:09:00
The Beatles,ZbStardust,2013-04-26 22:13:00
The Beatles,holler1012,2013-05-07 01:17:00
The Beatles,na_robotic,2013-05-07 20:31:00
The Beatles,swagner20,2013-05-13 22:05:00
The Beatles,heavymetalharsh,2013-05-14 07:51:00
The Beatles,1959wolle,2013-05-14 12:11:00
The Beatles,AshleyBovan,2013-05-16 10:18:00
The Beatles,pererrit,2013-05-19 16:52:00
The Beatles,Gon1251,2013-05-26 21:42:00
The Beatles,Malssess,2013-06-01 14:40:00
The Beatles,lamichelada,2013-06-14 23:49:00
The Beatles,noilbeast,2013-06-16 02:27:00
The Beatles,oeryl,2013-06-28 13:35:00
The Beatles,hsif,2013-07-07 13:13:00
The Beatles,music-offshore,2013-07-10 06:57:00
The Beatles,JonnaSoturi,2013-07-13 20:45:00
The Beatles,shippytr,2013-07-14 05:42:00
The Beatles,matheusneder,2013-07-16 14:58:00
The Beatles,savio88it,2013-07-19 10:03:00
The Beatles,nicofolk,2013-08-06 17:14:00
The Beatles,DrinkDaBleach,2013-08-09 23:14:00
The Beatles,jedicritic,2013-08-13 11:02:00
The Beatles,pinkrialto,2013-08-14 22:34:00
The Beatles,ALOS-,2013-08-14 23:07:00
The Beatles,Macke1,2013-08-18 08:07:00
The Beatles,Eric_Montgomery,2013-08-22 22:34:00
The Beatles,barbaralogullo,2013-08-25 04:18:00
The Beatles,savoy-truffles,2013-08-25 23:42:00
The Beatles,Gabytuca,2013-08-26 19:14:00
The Beatles,mandinhamiranda,2013-08-27 01:27:00
The Beatles,RadioTombs,2013-08-28 11:50:00
The Beatles,liahc,2013-09-01 23:11:00
The Beatles,juanmalagon,2013-09-03 11:35:00
The Beatles,CandeSantise,2013-09-05 00:06:00
The Beatles,kellygm93,2013-09-07 16:14:00
The Beatles,feravanesha,2013-09-09 06:41:00
The Beatles,Michael_Dias,2013-09-15 01:21:00
The Beatles,rich_ashworth,2013-09-16 21:16:00
The Beatles,tsavatar,2013-09-21 13:01:00
The Beatles,Raaquel-,2013-09-26 15:48:00
The Beatles,EvadedBand,2013-09-27 13:58:00
The Beatles,Melimelum,2013-10-07 14:50:00
The Beatles,Zaap_Arg,2013-10-07 15:49:00
The Beatles,mariposadehumo,2013-10-10 18:57:00
The Beatles,thesleepymist,2013-10-11 13:41:00
The Beatles,nicolauz,2013-10-13 06:56:00
The Beatles,GuitarGodRocks,2013-10-14 00:59:00
The Beatles,valeola,2013-10-14 03:41:00
The Beatles,Devlinhugh,2013-10-14 08:42:00
The Beatles,magdusia93,2013-10-14 17:43:00
The Beatles,Trementine,2013-10-16 23:48:00
The Beatles,JustCallUsFrank,2013-10-18 01:29:00
The Beatles,alejandrovaras,2013-10-24 23:15:00
The Beatles,trecenta,2013-10-27 22:04:00
The Beatles,GoodTimin50s60s,2013-10-27 23:54:00
The Beatles,Sinek,2013-10-28 13:03:00
The Beatles,EagleSith,2013-10-28 21:05:00
The Beatles,Lullaby_of_Sofi,2013-10-30 23:49:00
The Beatles,California7ove,2013-11-03 05:07:00
The Beatles,jaguattina,2013-11-05 11:21:00
The Beatles,Valdes_oO,2013-11-05 14:26:00
The Beatles,nunes04,2013-11-06 18:59:00
The Beatles,Kiana4real,2013-11-09 17:23:00
The Beatles,angierocha,2013-11-10 01:46:00
The Beatles,elsterama,2013-11-15 00:01:00
The Beatles,ilsonowl,2013-11-15 18:00:00
The Beatles,Burren71,2013-11-16 16:07:00
The Beatles,AlerceValdivia,2013-11-16 16:25:00
The Beatles,LumpySJ,2013-11-17 07:57:00
The Beatles,medisan189,2013-11-17 12:14:00
The Beatles,redhotfire,2013-11-18 03:18:00
The Beatles,Annaaprita,2013-11-18 06:12:00
The Beatles,Saryka,2013-11-18 14:36:00
The Beatles,jdhancock,2013-11-21 23:22:00
The Beatles,jampa,2013-11-25 18:00:00
The Beatles,Kris982,2013-11-25 23:07:00
The Beatles,vinfern,2013-11-26 00:11:00
The Beatles,MojtabaHiRock,2013-11-27 00:38:00
The Beatles,wizbongre,2013-11-28 16:55:00
The Beatles,picilavox,2013-11-28 18:06:00
The Beatles,StevieBhoy1,2013-11-28 21:25:00
The Beatles,karlixpaz,2013-11-28 22:59:00
The Beatles,fridamccn,2013-11-30 12:44:00
The Beatles,Zetti,2013-11-30 14:32:00
The Beatles,YoFancy,2013-11-30 21:30:00
The Beatles,foolinrain,2013-12-01 02:14:00
The Beatles,Iyago_7454,2013-12-01 06:36:00
The Beatles,aaadka,2013-12-01 12:20:00
The Beatles,Sin-Red,2013-12-01 23:34:00
The Beatles,elfozoejane,2013-12-02 17:43:00
The Beatles,rzc42,2013-12-02 23:40:00
The Beatles,susangiulia,2013-12-03 00:23:00
The Beatles,xxxvanessaxx,2013-12-03 13:44:00
The Beatles,Stevevw100,2013-12-03 15:08:00
The Beatles,AllanZone,2013-12-03 19:11:00
The Beatles,edgard_augusto,2013-12-03 19:23:00
The Beatles,LucasGCassol,2013-12-04 08:21:00
The Beatles,mel-is-a,2013-12-04 10:46:00
The Beatles,flyguyit,2013-12-05 17:37:00
The Beatles,tenacious89,2013-12-05 20:53:00
The Beatles,Andriia,2013-12-05 22:52:00
The Beatles,useless_man,2013-12-06 04:09:00
The Beatles,sarahlica,2013-12-06 14:32:00
The Beatles,SSavva,2013-12-06 17:59:00
The Beatles,Peleiades,2013-12-07 01:19:00
The Beatles,Cyantio,2013-12-07 13:37:00
The Beatles,cynsalgado,2013-12-07 21:47:00
The Beatles,efamssa,2013-12-08 03:48:00
The Beatles,dakatapetrov,2013-12-09 01:25:00
The Beatles,Procellaria,2013-12-09 02:05:00
The Beatles,AdamFirst,2013-12-09 16:33:00
The Beatles,CheapRegrets,2013-12-09 18:08:00
The Beatles,CaroYan,2013-12-09 19:51:00
The Beatles,corpsedolls,2013-12-10 11:17:00
The Beatles,gabitches,2013-12-10 21:50:00
The Beatles,lokesea123,2013-12-11 05:41:00
The Beatles,nicoleasdf,2013-12-11 13:08:00
The Beatles,willrpsilva,2013-12-11 15:32:00
The Beatles,beephotz,2013-12-11 16:33:00
The Beatles,said37,2013-12-11 21:52:00
The Beatles,jvcnt,2013-12-12 01:04:00
The Beatles,ricardovinicios,2013-12-12 11:49:00
The Beatles,Krakow1994,2013-12-12 14:39:00
The Beatles,Turquoise10,2013-12-12 22:45:00
The Beatles,titirez,2013-12-12 23:26:00
The Beatles,jhonBric,2013-12-13 06:16:00
The Beatles,pipefloyd,2013-12-13 14:03:00
The Beatles,Necronomitron,2013-12-13 15:36:00
The Beatles,bkfan,2013-12-13 20:54:00
The Beatles,juanbiohazard,2013-12-13 22:44:00
The Beatles,Mentedealgodon,2013-12-13 22:48:00
The Beatles,mdamazo,2013-12-14 03:14:00
The Beatles,charlottedoe,2013-12-14 05:28:00
The Beatles,LaurAlejandraC,2013-12-14 16:41:00
The Beatles,joaxazevedo,2013-12-14 16:50:00
The Beatles,PallMall12,2013-12-14 19:51:00
The Beatles,fractals2,2013-12-15 00:31:00
The Beatles,Gaabriels,2013-12-15 18:17:00
The Beatles,reddiefe,2013-12-15 19:24:00
The Beatles,Jeeh_Iuikis,2013-12-15 22:17:00
The Beatles,steromind,2013-12-15 22:18:00
The Beatles,anateodoro,2013-12-16 06:30:00
The Beatles,Mckraken12,2013-12-16 06:51:00
The Beatles,clarock,2013-12-16 10:11:00
The Beatles,MaggiePN,2013-12-16 11:15:00
The Beatles,SandySikk,2013-12-16 15:02:00
The Beatles,nouhailler,2013-12-16 17:18:00
The Beatles,liviaa_rose,2013-12-16 21:29:00
The Beatles,Marih16,2013-12-17 15:08:00
The Beatles,Zax0r,2013-12-17 16:00:00
The Beatles,TheConfuzed1,2013-12-17 18:51:00
The,casseybunn,2013-12-17 21:45:00
The Beatles,carolisrisolis_,2013-12-17 22:41:00
The Beatles,fergomes,2013-12-17 23:48:00
The Beatles,nathmaiden,2013-12-18 00:06:00
The Beatles,camilatangerine,2013-12-18 04:16:00
The Beatles,waltmartin,2013-12-18 18:11:00
The Beatles,dura_dura,2013-12-19 06:25:00
The Beatles,daaamlaaa,2013-12-19 10:13:00
The Beatles,IAmTheTable666,2013-12-19 17:09:00
The Beatles,bryce08,2013-12-19 20:12:00
The Beatles,ALEx_j_scoville,2013-12-19 21:58:00
The Beatles,dreamgeek,2013-12-19 23:32:00
The Beatles,alejomontero,2013-12-19 23:34:00
The Beatles,Gestapo_Flapper,2013-12-19 23:39:00
The Beatles,Vichoko,2013-12-20 02:06:00
The Beatles,mynameisjoehann,2013-12-20 04:45:00
The Beatles,andrescrispin,2013-12-20 13:22:00
The Beatles,Stipe81,2013-12-20 15:18:00
The Beatles,scottwajerski,2013-12-20 15:41:00
The Beatles,mpg63,2013-12-20 17:33:00
The Beatles,ColonyofMetal,2013-12-20 19:57:00
The Beatles,andersabbath,2013-12-21 00:09:00
The Beatles,nowandzen97,2013-12-21 05:11:00
The Beatles,quintes-sence,2013-12-21 06:50:00
The Beatles,calipunkrd,2013-12-21 09:10:00
The Beatles,junkie815,2013-12-21 10:42:00
The Beatles,JohnPardolta,2013-12-21 11:08:00
The Beatles,mamezo2006,2013-12-21 13:26:00
The Beatles,Lufenuara,2013-12-21 13:33:00
The Beatles,GdsdBerendts,2013-12-21 15:35:00
The Beatles,LAST.HQ,2013-12-21 18:05:00
The Beatles,DevilDave59,2013-12-21 18:23:00
The Beatles,Zalvador05,2013-12-21 19:54:00
The Beatles,novasolis,2013-12-21 22:07:00
The Beatles,GhettoStarr,2013-12-22 00:24:00
The Beatles,BlueOclock,2013-12-22 02:07:00
The Beatles,Joao_Frehley,2013-12-22 05:54:00
The Beatles,Indyjones45,2013-12-22 06:02:00
The Beatles,leozim1205,2013-12-22 12:48:00
The Beatles,bouncepinpin,2013-12-22 15:35:00
The Beatles,jarabeparalatos,2013-12-22 16:25:00
The Beatles,mixa93,2013-12-22 17:06:00
The Beatles,MrStatto,2013-12-22 20:43:00
The Beatles,gimmixAT,2013-12-22 21:01:00
The Beatles,lucasmedina16,2013-12-22 23:48:00
The Beatles,camuquengue,2013-12-22 23:52:00
The Beatles,DannieSpungen,2013-12-23 05:46:00
The Beatles,blackmotley,2013-12-23 12:46:00
The Beatles,Hamok_Overdose,2013-12-23 13:00:00
The Beatles,dazza333,2013-12-23 17:12:00
The Beatles,MOPCO,2013-12-23 19:46:00
The Beatles,MrSweetIM,2013-12-23 20:08:00
The Beatles,Teresaruas,2013-12-23 20:46:00
The Beatles,jbjruben,2013-12-23 23:01:00
The Beatles,VigiliisquE,2013-12-24 02:25:00
The Beatles,aphlar,2013-12-24 02:57:00
The Beatles,keropi,2013-12-24 04:39:00
The Beatles,klauscabral,2013-12-24 05:57:00
The Beatles,Kualkua,2013-12-24 08:55:00
The Beatles,Andimainz,2013-12-24 14:51:00
The Beatles,DannyCamelo,2013-12-24 17:37:00
The Beatles,RockMadeHome,2013-12-24 18:54:00
The Beatles,twewy2010,2013-12-24 19:41:00
The Beatles,Nirvandrea,2013-12-24 21:30:00
The Beatles,Lgk94,2013-12-24 21:47:00
The Beatles,Ze-Bastian,2013-12-25 03:47:00
The Beatles,Vizbildakan,2013-12-25 07:29:00
The Beatles,gpthagenius,2013-12-25 08:22:00
The Beatles,czarrocker,2013-12-25 10:38:00
The Beatles,Pepexepex,2013-12-25 14:28:00
The Beatles,bluginz,2013-12-25 15:40:00
The Beatles,Sound-Jam,2013-12-25 15:52:00
The Beatles,aquivaldo,2013-12-25 18:03:00
The Beatles,dapp93,2013-12-25 22:19:00
The Beatles,materialgirl-,2013-12-25 22:40:00
The Beatles,ned1988,2013-12-26 02:22:00
The Beatles,erikaneeds,2013-12-26 03:07:00
The Beatles,martinerad,2013-12-26 10:23:00
The Beatles,ElBrazoOnofre,2013-12-26 10:53:00
The Beatles,AndrewCRome,2013-12-26 11:06:00
The Beatles,InMyTimeOfDying,2013-12-26 12:47:00
The Beatles,Anacorreal,2013-12-26 14:59:00
Beatles,franciskje,2013-12-26 15:45:00
The Beatles,i_galib,2013-12-26 17:22:00
The Beatles,ClarissaGomes,2013-12-26 18:44:00
The Beatles,fabianvarela,2013-12-26 18:55:00
The Beatles,Alex_Darkness,2013-12-26 19:42:00
The Beatles,epi_gee,2013-12-26 20:19:00
The Beatles,grimmjowwill,2013-12-26 20:24:00
The Beatles,aliorrala18,2013-12-26 20:52:00
The Beatles,fairyandboots,2013-12-26 21:35:00
The Beatles,arsnihili,2013-12-26 21:41:00
The Beatles,EvilClown13,2013-12-26 22:17:00
The Beatles,Patataja,2013-12-26 23:58:00
The Beatles,PoulpyPaupiette,2013-12-27 00:04:00
The Beatles,Jose2589,2013-12-27 00:41:00
The Beat,epi_gee,2013-12-27 00:47:00
The Beatles,estefanina,2013-12-27 02:12:00
The Beatles,lemankeet,2013-12-27 05:19:00
The Beatles,choranda,2013-12-27 06:34:00
The Beatles,Woodstock-Lover,2013-12-27 07:13:00
The Beatles,guilherme10005,2013-12-27 11:38:00
The Beatles,belarmino,2013-12-27 14:06:00
The Beatles,LauraCeron,2013-12-27 15:47:00
The Beatles,luweewu,2013-12-27 16:47:00
The Beatles,Big_Davy,2013-12-27 17:35:00
The Beatles,palefigure,2013-12-27 17:41:00
The Beatles,Sepulchral_,2013-12-27 18:07:00
The Beatles,DonSlon,2013-12-27 20:35:00
The Beatles,ninokk3,2013-12-27 20:51:00
The Beatles,oskarsarco,2013-12-27 21:13:00
The Beatles,funkdoctor76,2013-12-28 02:28:00
The Beatles,MANAHEN-RODRIG,2013-12-28 02:51:00
The Beatles,LairdPit,2013-12-28 06:55:00
The Beatles,LucasArnon,2013-12-28 08:20:00
The Beatles,derya-ran,2013-12-28 09:09:00
The Beatles,vectorohja,2013-12-28 10:49:00
The Beatles,ozguronce,2013-12-28 11:19:00
The Beatles,aguerra,2013-12-28 13:23:00
The Beatles,godsdice,2013-12-28 15:44:00
The Beatles,FranticMetal,2013-12-28 16:20:00
The Beatles,HydenAcero,2013-12-28 17:28:00
The Beatles,NatalieMiracle,2013-12-28 17:37:00
The Beatles,ccarolzz,2013-12-28 18:33:00
The Beatles,elottito,2013-12-28 19:02:00
The Beatles,KelvinFierkens,2013-12-28 19:10:00
The Beatles,GisyBlackbow,2013-12-28 21:05:00
The Beatles,juan6630,2013-12-28 21:40:00
The Beatles,NeCv,2013-12-29 01:30:00
The Beatles,ericshep,2013-12-29 04:29:00
The Beatles,Luxo0x0,2013-12-29 04:58:00
The Beatles,CousinEarl,2013-12-29 05:45:00
The Beatles,Oliviajonasson,2013-12-29 10:39:00
The Beatles,Jack1173,2013-12-29 12:33:00
The Beatles,Moongonebyeby,2013-12-29 13:29:00
The Beatles,sorrowtherapy,2013-12-29 13:29:00
The Beatles,ZakiJustice,2013-12-29 14:14:00
The Beatles,HertonPS,2013-12-29 14:39:00
The Beatles,juunnyn,2013-12-29 14:44:00
The Beatles,tyhwer,2013-12-29 14:54:00
The Beatles,Risyea,2013-12-29 14:56:00
The Beatles,sanderlamb,2013-12-29 15:19:00
The Beatles,biancacegolin,2013-12-29 15:47:00
The Beatles,MarceloGNR17,2013-12-29 16:27:00
The Beatles,HoboChris1,2013-12-29 17:55:00
The Beatles,QiunMi,2013-12-29 18:17:00
The Beatles,Alexandra_Jhoo,2013-12-29 18:50:00
The Beatles,Lith666,2013-12-29 20:37:00
The Beatles,Gyration,2013-12-29 20:53:00
The Beatles,Clearance02,2013-12-29 21:26:00
The Beatles,dkohan,2013-12-29 22:46:00
The Beatles,in__mask,2013-12-29 23:08:00
The Beatles,rock070,2013-12-29 23:24:00
The Beatles,v_richardt,2013-12-30 00:35:00
The Beatles,cbarreto87,2013-12-30 00:42:00
The Beatles,abhi_floydblues,2013-12-30 02:23:00
The Beatles,bfdawkins,2013-12-30 03:01:00
The Beatles,xlandir,2013-12-30 07:14:00
B,theotherjason,2013-12-30 07:59:00
The Beatles,c-o-n-control,2013-12-30 08:25:00
The Beatles,aliceshrank,2013-12-30 10:08:00
The Beatles,Timekeeperrr,2013-12-30 11:45:00
The Beatles,Nbsno4,2013-12-30 12:12:00
The Beatles,AlfieMercury,2013-12-30 12:53:00
The Beatles,Effyness,2013-12-30 13:06:00
The Beatles,caduhenning,2013-12-30 13:53:00
The Beatles,yoshamp,2013-12-30 15:35:00
The Beatles,nnnastarannn,2013-12-30 16:13:00
The Beatles,IncaWazoo,2013-12-30 16:16:00
The Beatles,Fintelligent,2013-12-30 16:18:00
The Beatles,iMagdy91,2013-12-30 16:19:00
The Beatles,circuloperfecto,2013-12-30 16:24:00
The Beatles,d_escudero,2013-12-30 16:25:00
The Beatles,mohsenna,2013-12-30 17:58:00
The Beatles,BeyondTheHorror,2013-12-30 19:04:00
The Beatles,Unforgiven1991,2013-12-30 19:04:00
The Beatles,nubemaria,2013-12-30 20:17:00
The Beatles,patriotsaint_,2013-12-30 20:27:00
The Beatles,penguintiz,2013-12-30 20:39:00
The Beatles,houssam_oussama,2013-12-30 21:30:00
The Beatles,Forget_this,2013-12-30 21:44:00
The Beatles,minimainimo,2013-12-30 22:06:00
The Beatles,vrockera,2013-12-30 22:30:00
The Beatles,bruiseooze,2013-12-30 22:43:00
The Beatles,ayranne,2013-12-30 23:10:00
The Beatles,pabloandresd,2013-12-31 00:53:00
The Beatles,frbruna,2013-12-31 01:05:00
The Beatles,JazzEatTheWorld,2013-12-31 01:35:00
The Beatles,recreoenelsol,2013-12-31 02:01:00
The Beatles,RafaelaCamposs,2013-12-31 03:01:00
The Beatles,guanakoDalton,2013-12-31 03:55:00
The Beatles,Macaron11,2013-12-31 05:56:00
The Beatles,allya1,2013-12-31 07:10:00
The Beatles,strongagain,2013-12-31 08:55:00
The Beatles,Vizbildakan,2013-12-31 09:07:00
The Beatles,sleepingjiva89,2013-12-31 09:08:00
The Beatles,JMLKAIGUN,2013-12-31 09:09:00
The Beatles,kurtnirvanakris,2013-12-31 09:30:00
The Beatles,BirkAaa,2013-12-31 09:57:00
The Beatles,stivmc,2013-12-31 10:52:00
The Beatles,felixkanmixit,2013-12-31 11:07:00
The Beatles,nicorebel,2013-12-31 11:55:00
The Beatles,machoznazaretu,2013-12-31 12:46:00
The Beatles,Tom-Knowles,2013-12-31 17:50:00
The Beatles,dagli_rusen,2013-12-31 18:03:00
The Beatles,Thomas104,2013-12-31 19:00:00
The Beatles,madox_gx,2013-12-31 20:00:00
The Beatles,minpossible,2013-12-31 21:18:00
The Beatles,thedudeyoudhave,2013-12-31 21:19:00
The Beatles,barhighfidelity,2013-12-31 21:56:00
The Beatles,Nandofisch,2013-12-31 22:01:00
The Beatles,SexxAtraxxion,2013-12-31 22:43:00
The Beatles,JuanPerrito,2013-12-31 23:20:00
The Beatles,HonkyCat180,2013-12-31 23:50:00
