folk rock,3.52896330475
power metal,3.90221230262
german metal,1.71630174541
contemporary gospel,1.19847443559
psychedelic downtempo,1.1216861244
dance,4.69837615367
scratch,1.33801811106
hair metal,2.67681678108
edm,1.95599758896
iranian pop,1.27817728336
frat rock,1.18637088405
new age music,1.12838987427
classic russian rock,1.12034649273
heavy metal,4.83322354239
rap underground,1.30697101336
american black metal,1.06706559737
balkan beat,1.05546612711
classic rock,3.96780629701
alternative rock,4.73908522627
latin ska,1.24580480684
classical pop,1.2111056768
french indie,1.13272828257
death 'n' roll,1.2149733856
spanish music,1.22789798276
classic blues,1.21438447253
glam rock,2.62528845388
emo violence,1.1170645571
goa trance,1.26136329912
canadian folk,1.06250732694
brazilian power metal,1.02558824289
peace punk,0.964569159932
spanish punk,1.16142599955
extreme doom,0.775505558853
smooth soul,1.32253090384
dancehall,2.44858599493
technopop,1.26925437231
brazilian rap,1.30416260246
west coast hip hop,1.62704525407
american metal,1.48756448528
jazz pop,1.20109672465
piano rock,1.69284528098
modern folk,1.17250999789
speed metal,3.15674673119
uk hardcore,1.19118200342
japanese electronic,1.06762154336
gothic doom metal,1.29663485271
irish trad folk,0.963208030136
neotrance,1.13521820991
german indie,1.10900271528
60s rock,1.31989988659
party rap,1.24264440552
industrial black metal,1.15830260213
acid house,1.54533343414
neo classical metal,1.65271985767
crust punk,1.49863111898
juke joint blues,1.0824406426
traditional doom metal,1.32325958442
acoustic punk,1.00588496448
black gospel,1.10953566488
noise pop,1.8978123892
british blues,1.56073037004
avant-garde jazz,1.44162800717
art punk,1.32384859874
no wave,1.36720850078
horror rock,1.1336358168
ska revival,1.28626862815
norteno,1.38892712477
french house,1.59226318837
experimental ambient,1.12815326567
east coast hip hop,1.55725932574
spiritual,1.88758537872
ska punk,2.02574688859
spanish indie,1.29497453052
dutch rap,1.09939493251
18th century,1.24264675906
alternative country,2.0402706956
ukrainian rock,1.27233826018
hard trance,1.34720172895
contemporary r&b,2.1346668673
indie electro,1.28397973193
rock chileno,1.65319515872
boston punk,1.04560465779
modern electric blues,1.15628686684
folk,4.94671472937
intelligent dance music,2.56630559536
90s,4.70487634194
japanese hip hop,1.04820577883
indie rock,4.57141760376
new jack swing,1.72127978012
60s pop,1.45261776706
crust,1.74715175634
progressive bluegrass,1.12933061008
romanian music,0.938207180923
math-core,1.75745593547
funeral doom,1.20682927704
french reggae,1.19278433855
british rock,1.99163002405
irish indie,1.151102775
finnish pop,1.46626010434
nu-soul,1.30269395932
celtic punk,1.19146207037
blues revival,1.07475369192
christian,2.98745037288
80s pop,1.39057557731
german thrash,1.2134750207
groove metal,2.27082465128
garage pop,1.2768697294
modern classical,1.74190280999
spanish pop rock,1.06822936583
melodic metalcore,2.01561185897
surf music,2.33716156037
latin folk,1.22477606653
melodic heavy metal,1.34236101737
german rap,1.64888038909
metalcore,3.45523820182
piano jazz,1.09355039723
screamo,2.68938736514
polish metal,1.21730149729
symphonic rock,1.80764493189
drone metal,1.1676626321
swedish hip hop,1.12565052633
new york hardcore,1.41304018071
arabic pop,1.28400631574
vocal trance,1.60060109173
shock rock,1.34241791947
euro-trance,1.35712018213
midwest emo,1.36431234924
italian metal,1.19147293308
polish alternative rock,1.1609813043
techstep,1.15941162453
swedish hardcore,0.950823397881
glam metal,3.02868429819
harsh electro,1.14690707569
straight edge hardcore,1.14941493918
british rap,1.20903622505
psychedelic dub,1.17231934899
neofolk,2.14978682476
gangster rap,2.13100026388
portuguese music,1.24109119106
bolero,1.78813696068
samba rock,1.27708490829
ska jazz,1.33624327714
protopunk,1.84141773393
trip hop,2.94919707508
swedish rock,1.24882130624
jazz funk,1.47234120056
irish folk,1.55257342231
dirty rap,1.13268848645
world beat,1.36216308254
finnish rap,1.30974967396
dark cabaret,1.27491037084
80s hair metal,1.28404028639
hardcore metal,1.15988293997
melodic black metal,1.98121593991
glitch,2.11036227311
sludge doom,1.09371772049
europop,2.11584406629
disco house,1.5276211018
post-black metal,1.26222563345
african reggae,1.19172831967
belgian music,1.17346264461
new zealand rock,1.1351848709
african blues,1.20039907392
british punk rock,1.34960642131
freakbeat,1.03828500635
new york punk,1.35316638857
melodic deathcore,1.38901847855
avant-garde,1.7674890793
drill'n'bass,1.21095540194
technical thrash,1.04351674094
nerdcore,1.12150021913
uk garage,1.75585204203
symphony,2.41365429115
ambient pop,1.27387205171
chilean rock,1.31474696286
christian pop,1.23361454175
ballad,3.06485067221
blackened doom metal,1.08370946462
bluegrass,2.08437174571
turkish pop,1.43045049456
club,3.24928819646
gabba,1.24092930048
nintendocore,1.32663632107
serbian rock,1.01170782064
instrumental,4.30823350398
praise & worship,1.31429440493
chicago blues,1.89942060482
classic jazz,1.18589866873
french music,1.31821567421
world music,2.91699962796
folktronica,1.54418521354
contemporary blues,1.47568633862
hip house,1.20061501873
melodic speed metal,1.12018466995
french metal,1.29584460474
british hip hop,1.26380977741
grindcore,3.06351234789
aggrotech,1.58864092475
pub rock,1.30224167582
gothic country,0.918049629953
melancholic black metal,1.0985148883
death/doom metal,1.71770777051
dc hardcore,1.12054602689
soul,4.71233274684
hyperdub,1.17994261105
fusion jazz,0.985366160071
psychedelic soul,1.26301213525
irish punk,1.17554132316
new york salsa,1.10063587192
dark ambient,2.80585555121
indie pop,4.05711875693
fidget house,1.40458717654
louisiana blues,1.0738769802
blackened thrash metal,1.67652824574
math metal,1.61882535656
german thrash metal,1.28237220116
classic punk,1.19760699357
instrumental progressive metal,1.14135164797
indie,5.06340804989
post-industrial,1.46772544811
ambient techno,1.46773058113
experimental techno,1.25967650505
american hard rock,0.939747288535
pirate metal,1.0865235009
jump blues,1.32109588243
glitch hop,1.35852214213
uk rap,1.16846440421
italian dance,1.31497174667
flamenco,2.17279765758
swedish house,1.48372979823
rap metal,1.55528680303
deathgrind,1.8027763894
dark wave,2.44469962857
swedish progressive rock,1.13649351631
italian alternative,1.23329538778
acid rock,1.66218378487
lounge,2.60521795193
anarcho-punk,1.34603515507
old school,2.37103969945
indonesian indie,1.21580022385
mod revival,1.3205559261
funeral doom metal,1.12792778609
indian fusion,1.04400547568
ambient black metal,1.55873775816
italian punk,1.07296592453
bass music,1.35486952096
deep techno,1.08714439519
bebop,2.32479320879
german music,1.25487089739
urban gospel,0.935168977511
kuduro,1.34726762228
sunshine pop,1.43787818746
acid folk,1.1623762631
alternative pop rock,1.49470212365
soundtrack,4.78954476574
experimental metal,1.60880508507
latin alternative,1.49021838547
trash metal,1.31269694276
80s rock,1.61037280967
comedy rock,1.24731239072
salsa,2.11054031447
conscious reggae,1.16205793406
psychedelia,2.04906985796
technical thrash metal,1.25211149858
jungle music,1.56795209651
string band,1.04471418654
true doom metal,1.02962726237
alternative metal,3.27392248323
anatolian rock,1.31738677292
epic black metal,1.41498184279
emotional electronic,1.15123713904
gothic metal,2.809590546
brazilian rock,2.49603940643
chilean folk,1.08917049091
greek music,1.2488834443
emocore,1.95336919679
korean hip-hop,1.2637155325
epic metal,1.90161127802
swedish pop,1.60406775085
bossa nova,2.70452153281
minimal techno,1.73195528831
new rave,1.59492872132
hardtechno,1.13944482789
brazilian pop music,3.28189655922
arabic music,1.46000400161
lounge music,1.18045802536
thrash-death metal,1.07893736071
progressive metal,3.75823261825
american hardcore,1.18095372689
sludge,2.21319276504
british trad rock,1.21227975606
jazzcore,0.874325492289
progressive electronic,1.16132248606
instrumental rock,2.33565209345
klezmer,1.18156489695
detroit rap,1.05545706037
americana,2.66188516021
polish rock,1.78553203123
dark psytrance,0.964446526893
baroque pop,2.0220049652
folk revival,1.20127509543
stoner rock,2.85247561332
darkstep,1.00437497376
swedish metal,1.64954936999
british heavy metal,1.41067892503
scandinavian metal,1.67501031973
crustcore,1.10920261273
blue-eyed soul,1.25833860958
contemporary reggae,1.22229029154
fado,1.19736035479
broken beat,1.18338811573
funk rock,1.59037389631
celtic metal,1.32887292518
chamber music,1.86135738418
retro swing,1.14901075883
late baroque,1.20214170489
english folk,1.19822121904
finnish death metal,1.06601760138
east coast rap,1.78619306173
indie folk,2.8507959077
technical brutal death metal,1.45472550275
brutal death metal,3.02173445829
spanish rap,1.20654441914
indie dance,1.49830495765
break,1.28113162774
guitar rock,1.16168715695
danish music,1.15760452297
drone rock,1.10408548263
thrash revival,1.18485250637
teen pop,2.19687976833
comedy,2.93396858329
post-grunge,1.9045410367
christian hip hop,1.04201124349
opera,2.83496125511
dance music,1.48097760416
symphonic power metal,1.78146092672
cowpunk,1.14895984257
breakbeat hardcore,0.924792245431
house progressive,1.07086907235
electro-jazz,1.16985514626
serbian alternative,0.848812745654
40s,1.78405679006
punk jazz,0.878680519708
rock,6.43527578555
crunk,1.62234490493
neometal,1.09095762717
jazz blues,1.30472494717
acoustic pop,1.34112651458
classic country,1.21434094615
soul music,1.51193058893
turkish jazz,1.09523708192
j pop,2.46948353815
house,3.94524410731
80s metal,1.77787604812
punk blues,1.30649608983
black doom,1.09805069797
dubstep,3.34159764072
nueva cancion chilena,1.01157332943
noise grind,0.925975729751
blues,4.72878626617
norwegian hip-hop,1.45284642321
industrial noise,0.891626959969
hardcore techno,1.26790896458
psychedelic ambient,1.24370422732
russian music,0.91578291986
brazilian reggae,1.29591213499
danish rock,1.14960886145
electronica,4.27116558889
death core,2.17434759147
minimal house,1.19498930776
latin reggae,1.04732154865
psychobilly,1.8822254917
battle metal,1.28228318511
new weird america,1.37318290885
sadcore,1.23100049467
acoustic blues,1.1731198066
delta blues,1.55884701121
swedish prog,1.19068860458
riot grrrl,1.52307589308
german metalcore,1.28438392818
harsh ebm,1.35881374016
drone doom metal,1.06995581899
doomcore,1.0376911891
indonesian pop,1.14835094146
extreme metal,2.33023664872
spanish indie rock,1.15314043582
70s,4.24742174054
ambient breakbeat,1.18292100026
techno,3.50979635188
synth punk,1.37843510089
american death metal,1.41937986767
hip hop soul,1.36033873535
euro disco,1.31531027369
dance-punk,1.89405718735
polish alternative,1.2316647583
chamber pop,1.93232939394
baroque,2.12439136471
cuban jazz,1.15579046298
polish music,1.66059968449
frenchcore,1.07467297753
traditional jazz,1.17461454778
technical death metal,2.5279041047
flamenco fusion,1.18186505485
punk,4.89881735252
spanish rock,1.9865193821
funky house,1.31001535275
southern metal,1.33503201788
swing,2.91011119482
traditional bluegrass,1.04492212179
urban folk,1.07282352385
20th century classical,1.32770819089
old school hip hop,1.2260611335
nu metal,2.51959668989
jamaican ska,1.07076178611
new zealand music,1.22331627105
industrial,3.49785991419
glam punk,1.20437926664
post-bop,1.24259694826
posi hardcore,1.05751387434
neo-progressive,1.50819824515
political rap,1.27709727472
japanese music,1.70816841538
contemporary celtic,1.11156831832
brazilian thrash metal,1.16346507032
old school black metal,1.30350198859
west coast jazz,1.27951488144
bastard pop,1.16515299579
brazilian country,2.23460054634
nu skool breaks,1.07106357531
goregrind,1.83925536402
hard rock,4.88773296897
electronic,5.13256159734
folk punk,1.54499834606
abstract hip hop,1.61178374763
funk metal,1.5580631327
chanson,2.15691232615
pop rock,3.9112041854
country blues,1.47975584197
nwobhm,2.09482758831
grime,2.04748227079
old school death metal,1.86294151731
tango,2.17609137797
bachata,1.33903170596
drumfunk,1.03265289397
roots rock,1.86116300046
psychedelic,4.09229537913
ebm,2.14596400679
brazilian music,2.09692514662
detroit rock,1.084969651
sea shanties,0.869053507755
acid jazz,2.15691994154
twee pop,1.60271506305
instrumental hip hop,1.90833651614
reggaeton,2.11253706472
contemporary folk,1.65088298457
60s garage,1.02834359025
polish reggae,1.2526199634
piano blues,1.19416573582
rock francais,1.30061334078
gothic,3.29858049512
vocal jazz,2.02866414301
heavy blues,0.973204796018
electro-funk,1.3080600622
canadian indie,1.29666668402
old school rap,1.22092070319
traditional metal,1.46731418027
folk-pop,2.0479925267
nu jazz,1.89973851064
instrumental metal,1.34526588651
progressive country,1.19157022329
epic trance,1.24079720416
christian rock,2.11016772106
crossover jazz,1.17408362967
italian rap,1.6310723132
texas music,1.21413241783
nordic folk,1.14148399437
medieval metal,1.28317775966
death metal,4.50451758111
korean indie,1.09045795338
old school punk,1.17302154068
swedish black metal,1.43548440425
eurodance,2.2610158159
soulful house,1.13844163585
spanish metal,1.23073153851
desert rock,1.56747369859
horrorcore,1.6947078758
german dancehall,1.1804354337
experimental black metal,1.25376854821
galician folk,0.969895049411
progressive jazz,1.04398912391
christian rap,1.06867889473
visual kei,1.72050399801
classic metal,1.46609160269
italian hip hop,1.43327688992
merseybeat,1.27877260746
street punk,1.58687963103
dirty south rap,1.81244845022
bubblegum punk,0.960119789818
kayokyoku,1.0216630039
punk pop,1.57874016284
musique concrete,1.05408935974
rap,4.63889851725
russian metal,1.40614200734
third wave ska revival,1.1612900697
cool jazz,1.50707013352
bubblegum dance,1.20482940956
fastcore,0.872972480455
trance,3.24394171411
oriental metal,1.20471391751
rap rock,1.69748013967
polish thrash metal,0.880428149065
psychedelic chill,1.26738816899
post-punk,3.56486006874
italian hardstyle,1.15481261585
chanson francaise,1.6770284539
norwegian rock,1.13686815741
persian pop,1.2400516967
polish jazz,0.919256084002
christian hardcore,1.24748713893
political punk,1.13771652878
pagan folk metal,1.15109313782
swedish progressive,1.21576279141
eurobeat,1.30472311203
indie rap,1.26156537011
garage rock,3.15877738694
melodic hard rock,1.8137896847
polish punk,1.33130473893
philly soul,1.26385541643
british folk rock,1.11061410536
finnish black metal,1.35500191727
electropop,3.30206768453
slide guitar blues,1.11604319916
dutch hardcore,1.15969781241
experimental electronic,1.21832194429
houston rap,1.15235356982
celtic fusion,1.07095122305
southern soul,1.43612069641
coldwave,1.47119361254
stoner sludge,1.11196622585
electro rock,1.74566737628
american rock,1.47556915681
breakcore,1.39119400099
latin hip hop,1.27655270865
downbeat,1.62643885081
texas country,1.38177473571
doom rock,1.14905660163
metal,5.53865807219
two-step,1.38105485404
cumbia,2.2758642142
gothabilly,1.11231952368
psychedelic stoner rock,1.1350497893
southern rap,1.89864333398
russian chanson,0.965659838906
gothic rock,2.67634649643
bay area thrash metal,1.14526981323
hungarian metal,1.07035910634
italian pop,2.47270390116
latin jazz,1.8648189551
russian trance,1.07486055432
indian classical,1.33166971559
old school hardcore,1.3288299426
christian alternative rock,1.18838298752
western swing,1.16988719018
electric folk,1.12650807321
jam band,1.94630127317
prog folk,0.944612675488
black metal,4.25725975329
post rock,2.95857206549
brutal technical death metal,1.2680734442
minimal dub,0.906470035721
german punk,1.48731379687
traditional country,1.50297647787
contemporary country,1.6924839704
korean pop,1.45641383633
latin rap,1.47814572246
pop opera,1.17264744728
irish rock,1.20849415703
swing revival,1.15185988523
german progressive rock,1.06390239109
dance rock,1.38987987934
r&b,4.50816083138
deathrock,1.34298649791
symphonic,2.64149786132
pop metal,1.64372320074
rock argentina,1.9137723749
hardcore rap,2.02176578777
middle eastern pop,0.928795240708
deep house,2.12601366265
political folk,1.08029580098
experimental hip hop,1.2371416869
kraut rock,1.47231775389
british metal,1.47976373774
nu breaks,0.963600959254
progressive metalcore,1.56863386301
jazz,5.07658767071
traditional doom,1.11260036447
pop underground,1.18636393004
progressive thrash metal,1.08652608136
neoclassical,2.42593076604
happy hardcore,1.28788329832
singer-songwriter,4.58556898823
breakbeat,2.28303505774
southern gothic,1.09905532934
jazz rock,1.91311077842
hungarian rock,1.23800232448
italian folk,1.26171504826
futurepop,1.65047830997
polish death metal,1.04647726742
mittelalter rock,1.16472506002
baroque music,1.1528496889
turkish folk,1.3032565344
celtic music,1.2837347464
emo,3.4457726472
american blues,0.979288684609
finnish music,1.02079088929
disco,3.69240191697
electric blues,1.72923438108
nueva cancion,1.32388629434
hip hop,4.87918746287
gospel,2.63225203495
japanese alternative rock,1.07324844883
worship music,1.84100288797
russian pop,1.23452870906
progressive psychedelic trance,1.11241536115
female fronted metal,2.14339062618
slam death metal,1.32894666285
raw black metal,1.75727255102
microhouse,1.35339839052
uplifting trance,1.5981564619
tech house,1.65013804813
traditional pop,1.67770528197
dutch hip hop,1.15084911159
new wave,3.93271152732
stoner metal,2.19031192994
orchestral pop,1.25261401393
cyberpunk,1.2260988192
belgian rock,1.20274339423
psychedelic folk,1.62903212733
contemporary flamenco,1.29463396381
acoustic rock,1.7384361447
heavy rock,1.77789292411
alternative pop,1.81873121851
uk hip hop,1.28005203847
chicago soul,1.19814423946
tejano,1.38334801524
brazilian christian,1.19609015874
british psychedelia,1.23232026729
motown,2.17380115086
soul jazz,1.35128041179
mexican music,1.26522881964
thrash core,1.21581350656
korean music,1.46263748533
sludge metal,1.92106560109
roots,2.66961569311
french rap,1.50539968628
epic doom metal,1.13398703578
modern jazz,1.71134466204
alternative rap,2.11089576122
latin,4.25120575721
operatic pop,1.44381327447
pop folk,1.1198830883
finnish rock,1.54434537284
zouk,1.30592719958
terror ebm,1.15692524363
trancecore,1.35641237227
spanish alternative,1.1568937348
dixieland,1.29179631341
mambo,1.39692840762
avantgarde metal,1.99703540931
martial industrial,1.32250273445
19th century,1.40516565152
italian new wave,1.12373616909
8-bit,1.56450018312
pop latino,1.95015474431
continental jazz,1.12315004162
memphis soul,1.19413921299
country,4.28704888365
mariachi,1.56309781383
ragtime,1.16215958594
posicore,1.06022831898
trova,1.85644809679
romanian pop,1.3395420887
swedish indie,1.36667926108
garage rock revival,1.75749457069
spanish folk,1.03152939989
melodic rock,2.51256868963
andean music,1.10092291685
punk metal,1.28513074943
west coast rap,1.71942023539
memphis rap,1.30978905654
experimental,4.34473451065
jazz latino,1.0216006345
nerdcore hip hop,1.07991136788
pop punk,3.02548262524
chiptune,1.63950820291
pagan folk,1.41727662041
us punk,1.03875366328
medieval folk,1.27723027455
pop,6.09832767525
celtic new age,1.242641667
classic thrash,1.06698020988
spanish indie pop,1.3771096911
ranchera,1.58496065822
modern worship,1.30888495921
neo rockabilly,1.07979897194
melodic death metal,3.05243847127
musica portuguesa,1.13698201868
crunkcore,1.27286661896
noise rock,2.31322205255
progressive death metal,1.97610747293
progressive black metal,1.46400096064
russian hip hop,1.06984839594
british folk,1.43811864223
dub,3.23127172498
rapcore,1.82011607897
polka,1.16501559747
ambient dub,1.08888471229
dub reggae,1.08640926419
midwest rap,1.24127585541
russian folk,1.12127017082
reggae punk,1.17090565667
indonesian rock,1.09583249657
funk jazz,1.11729720074
indietronica,2.31030841778
melodic trance,1.39660711662
afropop,1.12851327848
skate punk,1.56306523028
chicago house,1.14765523578
christian punk,0.991832921969
traditional ska,0.978662351429
true metal,1.70194679916
french pop,2.36603431958
brazilian metal,1.53498558038
soft rock,3.11196877275
uk punk,1.2014653418
scandinavian folk,1.03908191476
industrial rock,2.06533697506
hardcore,4.21144851817
ukrainian black metal,1.01310271202
tango fusion,1.17128931681
funk,4.13106690001
hardcore hip hop,1.50560708884
country pop,1.61344104504
northern soul,1.42980131028
swedish rap,1.10674738431
merengue,1.22251212677
christian metal,1.70841353106
male vocalist,3.66008973099
trance music,1.35780523025
emo pop,1.46920919821
rock steady,1.50523091458
newgrass,1.15164817217
psycho rap,1.15018435017
50s,2.50063419538
death rap,1.20738444104
orthodox black metal,1.30831406592
underground rap,2.3858019026
punk revival,1.55868543172
industrial dance,1.36189801064
viking metal,2.20974990634
british ska,1.14619636524
00s,4.03425426235
tech trance,1.27922451793
southern hip hop,1.67645525005
ambient,4.23961346266
boston hardcore,1.13807392695
boy band,1.95140435011
doom metal,3.21430963072
argentine rock,1.40282773521
alternative dance,1.8588680674
uruguayan rock,1.32849468343
christian music,1.64094777612
chicago punk,1.15780520873
slow core,1.24256981826
blues guitar,1.12511343285
neurofunk,1.3385612403
space disco,1.28325206394
electro house,2.27692293359
finnish heavy metal,1.48617419446
synthpop,3.62299689087
swedish melodic death metal,1.21336304773
cosmic disco,1.12947830267
mexican ska,1.17342216936
horrorcore rap,1.09784212424
80s,4.93235922145
ninja tune,1.70170833067
electro,3.64475473497
us metal,1.23487656021
album rock,1.81471263184
turkish rock,1.57725215871
garage blues,1.0872744525
space rock,2.30397785777
canadian rap,0.955975416224
glitterhouse,1.03427595354
american thrash metal,1.35226444044
german heavy metal,1.20921116869
progressive deathcore,1.46052031636
balkan brass,1.10288458295
mainstream jazz,1.33602515736
symphonic prog,1.36801705684
renaissance,1.25353546977
digital hardcore,1.12979202825
outlaw country,1.47551933274
stoner doom metal,1.40500934904
mexican rap,1.0178311904
rockabilly,2.50703258084
cyber metal,1.11231010728
bounce,1.126226717
progressive hardcore,1.21169765934
freak folk,1.69380714464
christian contemporary,1.03953997021
celtic,2.73139228426
vocal pop,1.7608380062
modern country,1.52817322883
punk cabaret,1.24846376014
college rock,1.81167438847
third wave ska,1.22533261125
contemporary jazz,2.02208639316
russian rock,2.24815339584
traditional folk,1.5627422342
ccm,1.57755824743
drone,2.46493258236
hardstep,1.10867014141
country music,2.08628968818
dark rock,1.10894220834
flamenco pop,1.18164103455
kpop,2.13908688276
darkcore,1.04935469168
madchester,1.52023539218
symphonic gothic metal,1.20713613795
christian hard rock,1.00352365486
norwegian black metal,1.66176477729
jazz fusion,2.4965437111
desert blues,1.35383543586
chamber jazz,0.972856793901
postcore,1.17415969335
chilean pop,1.18676261183
chinese music,0.805093169311
melodic hardcore,2.42498625005
greek pop,0.747305518888
hard bop,1.88066632633
japanese metal,1.24730053903
power pop,2.93876592951
heartland rock,1.40238858577
euro-house,1.13781983796
alternative,5.00694330291
folk noir,1.13232140674
traditional heavy metal,1.48833164109
nederpop,1.14211239113
british pop,2.70739611165
new york death metal,1.11669135047
italian alternative rock,1.08024658925
samba,3.09445593006
german schlager,1.16801867827
japanese indie,1.16990251102
mittelalter,1.30891973716
son cubano,1.07770277456
french electro,1.3962144913
experimental pop,1.31290846683
art rock,2.75766315261
easy listening,3.35797120738
new orleans funk,1.16473771636
ska,3.22031323863
dark folk,1.65556611638
rock 'n roll,3.37881011372
melodic punk,1.43795878572
experimental rock,2.5838657577
christian death metal,1.11527108663
rock italiano,1.38184881721
jazz hip hop,1.567039964
psychedelic pop,2.03085680917
hard dance,1.35785916163
female rap,1.35848052634
fusion,3.14443677406
big band,2.04631770093
german pop,2.08619002424
electro-industrial,1.71251790933
world fusion,1.52487670799
italian indie,1.51949270209
old school soul,1.16242406724
banda,2.49833394664
symphonic metal,2.84989742023
rap francais,1.30970830584
nederhop,1.15310165743
country rock,2.1983939881
calypso,0.855151823908
brazilian jazz,1.36264481619
retro prog,1.08099114757
jazz piano,1.64515155548
hard house,1.23758485227
free jazz,1.87524600353
christian metalcore,1.30454192856
punk hardcore,1.09926170909
symphonic death metal,1.27319335993
latin pop,2.72425200908
salsa romantica,0.986698955
90s emo,1.20803006038
reggae rock,1.37081566826
oshare kei,0.968268271714
psychedelic rock,3.32646165494
nu disco,1.5048734735
contemporary christian,1.5917022171
baile funk,1.32404177724
deep funk revival,1.12864046397
canadian rock,1.27523087626
garage punk,1.91757505321
modern melodic death metal,1.18043670436
electro trance,1.19697672872
power noise,1.30724309917
blues-rock,3.39243488981
melodic power metal,1.68376907429
pagan metal,2.13485760275
honky tonk,1.45636876217
big beat,1.65858347804
italian disco,1.43751122017
sympho black metal,1.9290312236
latin music,2.41833377044
swedish punk,1.09316254312
dark metal,1.67331663516
progressive rock,4.08083356213
gypsy music,1.13338694487
crossover thrash,1.85886248222
swamp blues,1.11048430961
indian pop,1.45567627046
synth rock,1.25024566329
vocal house,1.19582481349
modern rock,2.35373802069
modern metal,1.81020919955
shoegaze,3.09055851532
contemporary classical music,2.50562086176
afrobeat,1.42833105186
stand-up comedy,1.33417681517
gypsy jazz,1.28730265864
modern blues,1.3996120816
alternative hip hop,2.29798187382
spanish pop,1.66091174234
portuguese hip hop,1.10174387302
german black metal,1.36511921867
progressive power metal,1.50030714057
pop espanol,1.32630090667
minimal,2.85724350008
nashville sound,1.21570685342
slavonic pagan metal,1.06295243993
classic motown,1.11189507621
noise,3.26684012515
doo-wop,1.60618262576
polish black metal,1.19490574342
new orleans jazz,1.21654302632
jazz rap,1.34463939504
gabber hardcore,0.873960103073
depressive black metal,1.81953098425
rock mexicano,1.26489952798
experimental rap,1.2609276306
ragga jungle,1.10705709644
progressive trance,1.88584203082
downtempo,3.11368565575
texas rap,1.18326005112
cabaret,2.25494275354
folk metal,2.92461219826
90s rock,1.21663973614
russian alternative,1.3014428462
oi,2.07246160873
liquid funk,1.60472889017
jazz vocal,1.69371402167
argentine tango,1.07170880473
reggae roots,1.26517746806
polish rap,1.69145336191
hardcore punk,3.19907914499
neue deutsche welle,1.27373188183
nagoya kei,1.01987401833
american punk,1.46156058351
anti-folk,1.53567565432
ghetto tech,1.1602154884
deep funk,1.28810400396
ethnic fusion,1.25248865005
skiffle,1.19570977058
smooth jazz,2.22960558732
gothic americana,1.16397544488
british invasion,1.83121370724
noise punk,1.09235557809
epic power metal,1.31315954645
thrash metal,4.03392686214
neo soul,1.92438403347
progressive house,2.23909720401
swamp rock,1.28876367829
latin rock,1.97421084407
math rock,2.10061861819
adult contemporary,2.87674122366
classical,4.25303542857
soca,1.19192798902
christian heavy metal,1.09627668846
suicidal black metal,1.41550591144
surf revival,1.05561457504
french death metal,0.959643977258
french black metal,1.32448430416
french hip hop,1.4094332419
rock gaucho,1.56344296692
indian music,1.28315518803
raggacore,0.889163200773
contemporary worship,1.18356689977
dub techno,1.15881497769
traditional gospel,1.11505625441
industrial metal,2.62196246649
30s,1.52563483507
grunge,3.07314846665
pure black metal,1.05978521978
boogie rock,1.46193659994
neoswing,1.21389516252
electrocore,1.5166318814
pop rap,1.81063030829
spanish ska,1.0171943591
contemporary bluegrass,1.09081280083
scottish folk,1.06328235266
russian punk,1.07164560264
space music,1.14061704078
boogie-woogie,1.1824260008
electroclash,1.97547318197
polish pop,1.0512805142
gothic doom,1.14120379256
trancestep,1.15157325125
indie hip hop,1.35745016167
drum and bass,2.72933085444
mexican rock,1.4132746667
psychedelic trance,1.58703567705
revival rockabilly,1.11315857655
cuban folk,0.988871184069
italian rock,1.92255262984
dark electro,1.7575436886
romantic,2.99785087008
horror punk,1.74450078258
jrock,2.30028219823
harmonica blues,1.11846960284
depressive rock,1.32819604596
skacore,1.20250215065
rumba,1.29699714092
texas blues,1.30917976009
ambient house,1.18339298263
roots reggae,2.22064718968
depressive suicidal black metal,1.18156892972
bay area thrash,1.16077492228
shibuya-kei,1.01389832933
sleaze rock,1.7726150398
japanese folk,0.907930127622
swedish death metal,1.71277351449
dancehall reggae,1.28662444429
arena rock,2.1022262086
metal argentino,1.10497346128
true black metal,1.42968976361
new metal,1.33305383252
angura kei,1.01216762975
satanic black metal,1.1383532793
lo-fi,3.45825052747
independent hip hop,1.05906508285
argentinian rock,1.2525571711
gypsy punk,1.26067321602
chicano rap,1.0521069281
adult alternative,2.03336950583
rock radical vasco,1.07335898886
alternative folk,1.33910555863
iranian folk,1.00053584572
polish hip hop,1.8452430414
dutch death metal,1.11668329802
children music,1.55439405564
religious music,1.22000119473
brazilian folk,1.06922299356
french rock,1.6094023915
instrumental pop,1.15489003107
pornogrind,1.18816209803
hardstyle,1.5076862311
czech rock,1.05231981922
emo punk,1.18941348876
danish pop,1.35611788273
southern rock,2.68031647601
brill building pop,1.19126328993
dream pop,3.01176170506
german rock,1.86565927711
brutal deathcore,1.4264014213
new age,3.39780582956
afro-cuban jazz,1.07866189308
gore metal,1.19966618422
swedish music,1.24027669003
jangle pop,1.52393643409
mediaeval,1.94627397081
reggae,4.21462344069
country gospel,1.21753721857
60s,3.05454962611
brazilian indie,1.09302935752
jewish folk,1.01597733593
celtic rock,1.42833041511
norwegian metal,1.27416572594
acid techno,1.22318293372
mexican pop,1.3955808695
tech metal,1.49070918729
post-hardcore,3.4172312515
japanese heavy metal,0.976618748931
underground hip hop,2.60748363405
italian opera,1.26675033267
roots rock reggae,1.11826446087
new york rap,1.4522255397
national socialist black metal,1.55881525257
fantasy metal,1.27724335279
celtic folk,1.2798272841
finnish indie,1.07886909927
remix,2.73244756486
bubblegum pop,1.44078618603
modern hardcore,1.24591052467
german hip hop,1.62458571761
croatian rock,1.13599318952
brazilian punk,1.4101090194
danish metal,1.12210908583
german death metal,1.06730229793
underground black metal,1.0627021846
choral music,1.60096674406
uk grime,1.17290121885
jamaican music,0.85698789254
minimal wave,1.20404914139
new prog,1.21202068044
mexican indie,1.19051813161
70s rock,1.52605713778
detroit techno,1.16345874646
dance pop,2.69374560072
zydeco,1.16189107881
rock en espanol,2.14321439588
turkish music,1.32936301583
blackened death metal,1.92180326091
geek rock,1.28861345325
apocalyptic folk,1.37187414825
